use hfzq_vue;

#  hfzq_vue;
-- ----------------------------
-- 1、部门表
-- ----------------------------
DROP TABLE IF EXISTS sys_dept;
CREATE TABLE sys_dept (
                          dept_id           bigint(20)      not null auto_increment    comment '部门id',
                          parent_id         bigint(20)      default 0                  comment '父部门id',
                          ancestors         varchar(50)     default ''                 comment '祖级列表',
                          dept_name         varchar(30)     default ''                 comment '部门名称',
                          order_num         int(4)          default 0                  comment '显示顺序',
                          leader            varchar(20)     default null               comment '负责人',
                          phone             varchar(11)     default null               comment '联系电话',
                          email             varchar(50)     default null               comment '邮箱',
                          status            char(1)         default '0'                comment '部门状态（0正常 1停用）',
                          del_flag          char(1)         default '0'                comment '删除标志（0代表存在 2代表删除）',
                          create_by         varchar(64)     default ''                 comment '创建者',
                          create_time 	    datetime                                   comment '创建时间',
                          update_by         varchar(64)     default ''                 comment '更新者',
                          update_time       datetime                                   comment '更新时间',
                          primary key (dept_id)
)  DEFAULT CHARSET = utf8mb4  auto_increment=200 comment = '部门表';

-- ----------------------------
-- 初始化-部门表数据
-- ----------------------------
insert into sys_dept values(100,  0,   '0',          'M',   1, '皇甫', '15888888888', 'huangfuzq@qq.com', '0', '0', 'admin', sysdate(), '', null);
insert into sys_dept values(101,  0,   '0',          'S',   2, '皇甫', '15888888888', 'huangfuzq@qq.com', '0', '0', 'admin', sysdate(), '', null);
insert into sys_dept values(102,  0,   '0',          'F',   3, '皇甫', '15888888888', 'huangfuzq@qq.com', '0', '0', 'admin', sysdate(), '', null);
insert into sys_dept values(103,  0,   '0',          'C',   4, '皇甫', '15888888888', 'huangfuzq@qq.com', '0', '0', 'admin', sysdate(), '', null);
insert into sys_dept values(104,  0,   '0',          'Y',   5, '皇甫', '15888888888', 'huangfuzq@qq.com', '0', '0', 'admin', sysdate(), '', null);

-- ----------------------------
-- 2、用户信息表
-- ----------------------------
DROP TABLE IF EXISTS sys_user;
CREATE TABLE sys_user (
                          user_id           bigint(20)      not null auto_increment    comment '用户ID',
                          dept_id           bigint(20)      default null               comment '部门ID',
                          user_name         varchar(30)     not null                   comment '用户账号',
                          nick_name         varchar(30)     not null                   comment '用户昵称',
                          user_type         varchar(2)      default '00'               comment '用户类型（00系统用户）',
                          email             varchar(50)     default ''                 comment '用户邮箱',
                          phonenumber       varchar(11)     default ''                 comment '手机号码',
                          sex               char(1)         default '0'                comment '用户性别（0男 1女 2未知）',
                          avatar            varchar(100)    default ''                 comment '头像地址',
                          password          varchar(100)    default ''                 comment '密码',
                          status            char(1)         default '0'                comment '帐号状态（0正常 1停用）',
                          del_flag          char(1)         default '0'                comment '删除标志（0代表存在 2代表删除）',
                          login_ip          varchar(128)    default ''                 comment '最后登录IP',
                          login_date        datetime                                   comment '最后登录时间',
                          create_by         varchar(64)     default ''                 comment '创建者',
                          create_time       datetime                                   comment '创建时间',
                          update_by         varchar(64)     default ''                 comment '更新者',
                          update_time       datetime                                   comment '更新时间',
                          remark            varchar(500)    default null               comment '备注',
                          primary key (user_id)
) DEFAULT CHARSET = utf8mb4 auto_increment=100 comment = '用户信息表';

insert into sys_user values(1,  100, 'admin', '皇甫', '00', 'huangfuzq@163.com', '15888888888', '1', '', '$2a$10$7JB720yubVSZvUI0rEqK/.VqGOZTH.ulu33dHOiBE8ByOhJIrdAu2', '0', '0', '127.0.0.1', sysdate(), 'admin', sysdate(), '', null, '管理员');
insert into sys_user values(2,  101, 'hf',    '皇甫', '00', 'huangfuzq@qq.com',  '15666666666', '1', '', '$2a$10$7JB720yubVSZvUI0rEqK/.VqGOZTH.ulu33dHOiBE8ByOhJIrdAu2', '0', '0', '127.0.0.1', sysdate(), 'admin', sysdate(), '', null, '测试员');

-- ----------------------------
-- 3、岗位信息表
-- ----------------------------
DROP TABLE IF EXISTS sys_post;
CREATE TABLE sys_post
(
    post_id       bigint(20)      not null auto_increment    comment '岗位ID',
    post_code     varchar(64)     not null                   comment '岗位编码',
    post_name     varchar(50)     not null                   comment '岗位名称',
    post_sort     int(4)          not null                   comment '显示顺序',
    status        char(1)         not null                   comment '状态（0正常 1停用）',
    create_by     varchar(64)     default ''                 comment '创建者',
    create_time   datetime                                   comment '创建时间',
    update_by     varchar(64)     default ''			       comment '更新者',
    update_time   datetime                                   comment '更新时间',
    remark        varchar(500)    default null               comment '备注',
    primary key (post_id)
) DEFAULT CHARSET = utf8mb4  comment = '岗位信息表';

-- ----------------------------
-- 初始化-岗位信息表数据
-- ----------------------------
insert into sys_post values(1, 'root',        '管理员',    1, '0', 'admin', sysdate(), '', null, '');
insert into sys_post values(2, 'vindicate',   '设备维护',  2, '0', 'admin', sysdate(), '', null, '');
insert into sys_post values(3, 'finance',     '财务人员',  3, '0', 'admin', sysdate(), '', null, '');
insert into sys_post values(4, 'water',       '热水公司',  4, '0', 'admin', sysdate(), '', null, '');
insert into sys_post values(5, 'school',      '学校',     5, '0', 'admin', sysdate(), '', null, '');

-- ----------------------------
-- 4、角色信息表
-- ----------------------------
DROP TABLE IF EXISTS sys_role;
CREATE TABLE  sys_role (
                           role_id              bigint(20)      not null auto_increment    comment '角色ID',
                           role_name            varchar(30)     not null                   comment '角色名称',
                           role_key             varchar(100)    not null                   comment '角色权限字符串',
                           role_sort            int(4)          not null                   comment '显示顺序',
                           data_scope           char(1)         default '1'                comment '数据范围（1：全部数据权限 2：自定数据权限 3：本部门数据权限 4：本部门及以下数据权限）',
                           menu_check_strictly  tinyint(1)      default 1                  comment '菜单树选择项是否关联显示',
                           dept_check_strictly  tinyint(1)      default 1                  comment '部门树选择项是否关联显示',
                           status               char(1)         not null                   comment '角色状态（0正常 1停用）',
                           del_flag             char(1)         default '0'                comment '删除标志（0代表存在 2代表删除）',
                           create_by            varchar(64)     default ''                 comment '创建者',
                           create_time          datetime                                   comment '创建时间',
                           update_by            varchar(64)     default ''                 comment '更新者',
                           update_time          datetime                                   comment '更新时间',
                           remark               varchar(500)    default null               comment '备注',
                           primary key (role_id)
) DEFAULT CHARSET = utf8mb4 auto_increment=100 comment = '角色信息表';

-- ----------------------------
-- 初始化-角色信息表数据
-- ----------------------------
insert into sys_role values('1', '超级管理员',  'admin',  1, 1, 1, 1, '0', '0', 'admin', sysdate(), '', null, '超级管理员');
insert into sys_role values('2', '普通管理员',    'common', 2, 4, 1, 1, '0', '0', 'admin', sysdate(), '', null, '普通角色');

-- ----------------------------
-- 5、菜单权限表
-- ----------------------------
DROP TABLE IF EXISTS  sys_menu;
CREATE TABLE sys_menu (
                          menu_id           bigint(20)      not null auto_increment    comment '菜单ID',
                          menu_name         varchar(50)     not null                   comment '菜单名称',
                          parent_id         bigint(20)      default 0                  comment '父菜单ID',
                          order_num         int(4)          default 0                  comment '显示顺序',
                          path              varchar(200)    default ''                 comment '路由地址',
                          component         varchar(255)    default null               comment '组件路径',
                          query             varchar(255)    default null               comment '路由参数',
                          is_frame          int(1)          default 1                  comment '是否为外链（0是 1否）',
                          is_cache          int(1)          default 0                  comment '是否缓存（0缓存 1不缓存）',
                          menu_type         char(1)         default ''                 comment '菜单类型（M目录 C菜单 F按钮）',
                          visible           char(1)         default 0                  comment '菜单状态（0显示 1隐藏）',
                          status            char(1)         default 0                  comment '菜单状态（0正常 1停用）',
                          perms             varchar(100)    default null               comment '权限标识',
                          icon              varchar(100)    default '#'                comment '菜单图标',
                          create_by         varchar(64)     default ''                 comment '创建者',
                          create_time       datetime                                   comment '创建时间',
                          update_by         varchar(64)     default ''                 comment '更新者',
                          update_time       datetime                                   comment '更新时间',
                          remark            varchar(500)    default ''                 comment '备注',
                          primary key (menu_id)
) DEFAULT CHARSET = utf8mb4 auto_increment=2000 comment = '菜单权限表';


-- ----------------------------
-- 6、用户和角色关联表  用户N-1角色
-- ----------------------------
DROP TABLE IF EXISTS sys_user_role;
CREATE TABLE sys_user_role (
                               user_id   bigint(20) not null comment '用户ID',
                               role_id   bigint(20) not null comment '角色ID',
                               primary key(user_id, role_id)
) engine=innodb comment = '用户和角色关联表';

-- ----------------------------
-- 初始化-用户和角色关联表数据
-- ----------------------------
insert into sys_user_role values ('1', '1');
insert into sys_user_role values ('2', '2');


-- ----------------------------
-- 7、角色和菜单关联表  角色1-N菜单
-- ----------------------------
drop table if exists sys_role_menu;
create table sys_role_menu (
                               role_id   bigint(20) not null comment '角色ID',
                               menu_id   bigint(20) not null comment '菜单ID',
                               primary key(role_id, menu_id)
) DEFAULT CHARSET = utf8mb4 comment = '角色和菜单关联表';

-- ----------------------------
-- 初始化-角色和菜单关联表数据
-- ----------------------------
insert into sys_role_menu values ('2', '1');
insert into sys_role_menu values ('2', '2');
insert into sys_role_menu values ('2', '3');
insert into sys_role_menu values ('2', '100');
insert into sys_role_menu values ('2', '101');
insert into sys_role_menu values ('2', '102');
insert into sys_role_menu values ('2', '103');
insert into sys_role_menu values ('2', '104');
insert into sys_role_menu values ('2', '105');
insert into sys_role_menu values ('2', '106');
insert into sys_role_menu values ('2', '107');
insert into sys_role_menu values ('2', '108');
insert into sys_role_menu values ('2', '109');
insert into sys_role_menu values ('2', '110');
insert into sys_role_menu values ('2', '111');
insert into sys_role_menu values ('2', '112');
insert into sys_role_menu values ('2', '113');
insert into sys_role_menu values ('2', '114');
insert into sys_role_menu values ('2', '115');
insert into sys_role_menu values ('2', '116');
insert into sys_role_menu values ('2', '117');
insert into sys_role_menu values ('2', '500');
insert into sys_role_menu values ('2', '501');
insert into sys_role_menu values ('2', '1000');
insert into sys_role_menu values ('2', '1001');
insert into sys_role_menu values ('2', '1002');
insert into sys_role_menu values ('2', '1003');
insert into sys_role_menu values ('2', '1004');
insert into sys_role_menu values ('2', '1005');
insert into sys_role_menu values ('2', '1006');
insert into sys_role_menu values ('2', '1007');
insert into sys_role_menu values ('2', '1008');
insert into sys_role_menu values ('2', '1009');
insert into sys_role_menu values ('2', '1010');
insert into sys_role_menu values ('2', '1011');
insert into sys_role_menu values ('2', '1012');
insert into sys_role_menu values ('2', '1013');
insert into sys_role_menu values ('2', '1014');
insert into sys_role_menu values ('2', '1015');
insert into sys_role_menu values ('2', '1016');
insert into sys_role_menu values ('2', '1017');
insert into sys_role_menu values ('2', '1018');
insert into sys_role_menu values ('2', '1019');
insert into sys_role_menu values ('2', '1020');
insert into sys_role_menu values ('2', '1021');
insert into sys_role_menu values ('2', '1022');
insert into sys_role_menu values ('2', '1023');
insert into sys_role_menu values ('2', '1024');
insert into sys_role_menu values ('2', '1025');
insert into sys_role_menu values ('2', '1026');
insert into sys_role_menu values ('2', '1027');
insert into sys_role_menu values ('2', '1028');
insert into sys_role_menu values ('2', '1029');
insert into sys_role_menu values ('2', '1030');
insert into sys_role_menu values ('2', '1031');
insert into sys_role_menu values ('2', '1032');
insert into sys_role_menu values ('2', '1033');
insert into sys_role_menu values ('2', '1034');
insert into sys_role_menu values ('2', '1035');
insert into sys_role_menu values ('2', '1036');
insert into sys_role_menu values ('2', '1037');
insert into sys_role_menu values ('2', '1038');
insert into sys_role_menu values ('2', '1039');
insert into sys_role_menu values ('2', '1040');
insert into sys_role_menu values ('2', '1041');
insert into sys_role_menu values ('2', '1042');
insert into sys_role_menu values ('2', '1043');
insert into sys_role_menu values ('2', '1044');
insert into sys_role_menu values ('2', '1045');
insert into sys_role_menu values ('2', '1046');
insert into sys_role_menu values ('2', '1047');
insert into sys_role_menu values ('2', '1048');
insert into sys_role_menu values ('2', '1049');
insert into sys_role_menu values ('2', '1050');
insert into sys_role_menu values ('2', '1051');
insert into sys_role_menu values ('2', '1052');
insert into sys_role_menu values ('2', '1053');
insert into sys_role_menu values ('2', '1054');
insert into sys_role_menu values ('2', '1055');
insert into sys_role_menu values ('2', '1056');
insert into sys_role_menu values ('2', '1057');
insert into sys_role_menu values ('2', '1058');
insert into sys_role_menu values ('2', '1059');
insert into sys_role_menu values ('2', '1060');

-- ----------------------------
-- 8、角色和部门关联表  角色1-N部门
-- ----------------------------
DROP TABLE IF EXISTS sys_role_dept;
CREATE TABLE sys_role_dept (
                               role_id   bigint(20) not null comment '角色ID',
                               dept_id   bigint(20) not null comment '部门ID',
                               primary key(role_id, dept_id)
) DEFAULT CHARSET = utf8mb4 comment = '角色和部门关联表';

-- ----------------------------
-- 初始化-角色和部门关联表数据
-- ----------------------------
insert into sys_role_dept values ('2', '101');

-- ----------------------------
-- 9、用户与岗位关联表  用户1-N岗位
-- ----------------------------
DROP TABLE IF EXISTS sys_user_post;
CREATE TABLE sys_user_post
(
    user_id   bigint(20) not null comment '用户ID',
    post_id   bigint(20) not null comment '岗位ID',
    primary key (user_id, post_id)
) DEFAULT CHARSET = utf8mb4 comment = '用户与岗位关联表';

-- ----------------------------
-- 初始化-用户与岗位关联表数据
-- ----------------------------
insert into sys_user_post values ('1', '1');
insert into sys_user_post values ('2', '2');

-- ----------------------------
-- 10、操作日志记录
-- ----------------------------
DROP TABLE IF EXISTS sys_oper_log;
CREATE TABLE sys_oper_log (
                              oper_id           bigint(20)      not null auto_increment    comment '日志主键',
                              title             varchar(50)     default ''                 comment '模块标题',
                              business_type     int(2)          default 0                  comment '业务类型（0其它 1新增 2修改 3删除）',
                              method            varchar(100)    default ''                 comment '方法名称',
                              request_method    varchar(10)     default ''                 comment '请求方式',
                              operator_type     int(1)          default 0                  comment '操作类别（0其它 1后台用户 2手机端用户）',
                              oper_name         varchar(50)     default ''                 comment '操作人员',
                              dept_name         varchar(50)     default ''                 comment '部门名称',
                              oper_url          varchar(255)    default ''                 comment '请求URL',
                              oper_ip           varchar(128)    default ''                 comment '主机地址',
                              oper_location     varchar(255)    default ''                 comment '操作地点',
                              oper_param        varchar(2000)   default ''                 comment '请求参数',
                              json_result       varchar(2000)   default ''                 comment '返回参数',
                              status            int(1)          default 0                  comment '操作状态（0正常 1异常）',
                              error_msg         varchar(2000)   default ''                 comment '错误消息',
                              oper_time         datetime                                   comment '操作时间',
                              primary key (oper_id)
) DEFAULT CHARSET = utf8mb4  auto_increment=100 comment = '操作日志记录';


-- ----------------------------
-- 11、字典类型表
-- ----------------------------
DROP TABLE IF EXISTS sys_dict_type;
CREATE TABLE sys_dict_type
(
    dict_id          bigint(20)      not null auto_increment    comment '字典主键',
    dict_name        varchar(100)    default ''                 comment '字典名称',
    dict_type        varchar(100)    default ''                 comment '字典类型',
    status           char(1)         default '0'                comment '状态（0正常 1停用）',
    create_by        varchar(64)     default ''                 comment '创建者',
    create_time      datetime                                   comment '创建时间',
    update_by        varchar(64)     default ''                 comment '更新者',
    update_time      datetime                                   comment '更新时间',
    remark           varchar(500)    default null               comment '备注',
    primary key (dict_id),
    unique (dict_type)
) DEFAULT CHARSET = utf8mb4 auto_increment=100 comment = '字典类型表';

insert into sys_dict_type values(1,  '用户性别', 'sys_user_sex',        '0', 'admin', sysdate(), '', null, '用户性别列表');
insert into sys_dict_type values(2,  '菜单状态', 'sys_show_hide',       '0', 'admin', sysdate(), '', null, '菜单状态列表');
insert into sys_dict_type values(3,  '系统开关', 'sys_normal_disable',  '0', 'admin', sysdate(), '', null, '系统开关列表');
insert into sys_dict_type values(4,  '任务状态', 'sys_job_status',      '0', 'admin', sysdate(), '', null, '任务状态列表');
insert into sys_dict_type values(5,  '任务分组', 'sys_job_group',       '0', 'admin', sysdate(), '', null, '任务分组列表');
insert into sys_dict_type values(6,  '系统是否', 'sys_yes_no',          '0', 'admin', sysdate(), '', null, '系统是否列表');
insert into sys_dict_type values(7,  '通知类型', 'sys_notice_type',     '0', 'admin', sysdate(), '', null, '通知类型列表');
insert into sys_dict_type values(8,  '通知状态', 'sys_notice_status',   '0', 'admin', sysdate(), '', null, '通知状态列表');
insert into sys_dict_type values(9,  '操作类型', 'sys_oper_type',       '0', 'admin', sysdate(), '', null, '操作类型列表');
insert into sys_dict_type values(10, '系统状态', 'sys_common_status',   '0', 'admin', sysdate(), '', null, '登录状态列表');

-- ----------------------------
-- 12、字典数据表
-- ----------------------------
DROP TABLE IF EXISTS sys_dict_data;
CREATE TABLE sys_dict_data
(
    dict_code        bigint(20)      not null auto_increment    comment '字典编码',
    dict_sort        int(4)          default 0                  comment '字典排序',
    dict_label       varchar(100)    default ''                 comment '字典标签',
    dict_value       varchar(100)    default ''                 comment '字典键值',
    dict_type        varchar(100)    default ''                 comment '字典类型',
    css_class        varchar(100)    default null               comment '样式属性（其他样式扩展）',
    list_class       varchar(100)    default null               comment '表格回显样式',
    is_default       char(1)         default 'N'                comment '是否默认（Y是 N否）',
    status           char(1)         default '0'                comment '状态（0正常 1停用）',
    create_by        varchar(64)     default ''                 comment '创建者',
    create_time      datetime                                   comment '创建时间',
    update_by        varchar(64)     default ''                 comment '更新者',
    update_time      datetime                                   comment '更新时间',
    remark           varchar(500)    default null               comment '备注',
    primary key (dict_code)
) DEFAULT CHARSET = utf8mb4 auto_increment=100 comment = '字典数据表';

insert into sys_dict_data values(1,  1,  '男',       '0',       'sys_user_sex',        '',   '',        'Y', '0', 'admin', sysdate(), '', null, '性别男');
insert into sys_dict_data values(2,  2,  '女',       '1',       'sys_user_sex',        '',   '',        'N', '0', 'admin', sysdate(), '', null, '性别女');
insert into sys_dict_data values(3,  3,  '未知',     '2',       'sys_user_sex',        '',   '',        'N', '0', 'admin', sysdate(), '', null, '性别未知');
insert into sys_dict_data values(4,  1,  '显示',     '0',       'sys_show_hide',       '',   'primary', 'Y', '0', 'admin', sysdate(), '', null, '显示菜单');
insert into sys_dict_data values(5,  2,  '隐藏',     '1',       'sys_show_hide',       '',   'danger',  'N', '0', 'admin', sysdate(), '', null, '隐藏菜单');
insert into sys_dict_data values(6,  1,  '正常',     '0',       'sys_normal_disable',  '',   'primary', 'Y', '0', 'admin', sysdate(), '', null, '正常状态');
insert into sys_dict_data values(7,  2,  '停用',     '1',       'sys_normal_disable',  '',   'danger',  'N', '0', 'admin', sysdate(), '', null, '停用状态');
insert into sys_dict_data values(8,  1,  '正常',     '0',       'sys_job_status',      '',   'primary', 'Y', '0', 'admin', sysdate(), '', null, '正常状态');
insert into sys_dict_data values(9,  2,  '暂停',     '1',       'sys_job_status',      '',   'danger',  'N', '0', 'admin', sysdate(), '', null, '停用状态');
insert into sys_dict_data values(10, 1,  '默认',     'DEFAULT', 'sys_job_group',       '',   '',        'Y', '0', 'admin', sysdate(), '', null, '默认分组');
insert into sys_dict_data values(11, 2,  '系统',     'SYSTEM',  'sys_job_group',       '',   '',        'N', '0', 'admin', sysdate(), '', null, '系统分组');
insert into sys_dict_data values(12, 1,  '是',       'Y',       'sys_yes_no',          '',   'primary', 'Y', '0', 'admin', sysdate(), '', null, '系统默认是');
insert into sys_dict_data values(13, 2,  '否',       'N',       'sys_yes_no',          '',   'danger',  'N', '0', 'admin', sysdate(), '', null, '系统默认否');
insert into sys_dict_data values(14, 1,  '通知',     '1',       'sys_notice_type',     '',   'warning', 'Y', '0', 'admin', sysdate(), '', null, '通知');
insert into sys_dict_data values(15, 2,  '公告',     '2',       'sys_notice_type',     '',   'success', 'N', '0', 'admin', sysdate(), '', null, '公告');
insert into sys_dict_data values(16, 1,  '正常',     '0',       'sys_notice_status',   '',   'primary', 'Y', '0', 'admin', sysdate(), '', null, '正常状态');
insert into sys_dict_data values(17, 2,  '关闭',     '1',       'sys_notice_status',   '',   'danger',  'N', '0', 'admin', sysdate(), '', null, '关闭状态');
insert into sys_dict_data values(18, 99, '其他',     '0',       'sys_oper_type',       '',   'info',    'N', '0', 'admin', sysdate(), '', null, '其他操作');
insert into sys_dict_data values(19, 1,  '新增',     '1',       'sys_oper_type',       '',   'info',    'N', '0', 'admin', sysdate(), '', null, '新增操作');
insert into sys_dict_data values(20, 2,  '修改',     '2',       'sys_oper_type',       '',   'info',    'N', '0', 'admin', sysdate(), '', null, '修改操作');
insert into sys_dict_data values(21, 3,  '删除',     '3',       'sys_oper_type',       '',   'danger',  'N', '0', 'admin', sysdate(), '', null, '删除操作');
insert into sys_dict_data values(22, 4,  '授权',     '4',       'sys_oper_type',       '',   'primary', 'N', '0', 'admin', sysdate(), '', null, '授权操作');
insert into sys_dict_data values(23, 5,  '导出',     '5',       'sys_oper_type',       '',   'warning', 'N', '0', 'admin', sysdate(), '', null, '导出操作');
insert into sys_dict_data values(24, 6,  '导入',     '6',       'sys_oper_type',       '',   'warning', 'N', '0', 'admin', sysdate(), '', null, '导入操作');
insert into sys_dict_data values(25, 7,  '强退',     '7',       'sys_oper_type',       '',   'danger',  'N', '0', 'admin', sysdate(), '', null, '强退操作');
insert into sys_dict_data values(26, 8,  '生成代码', '8',       'sys_oper_type',       '',   'warning', 'N', '0', 'admin', sysdate(), '', null, '生成操作');
insert into sys_dict_data values(27, 9,  '清空数据', '9',       'sys_oper_type',       '',   'danger',  'N', '0', 'admin', sysdate(), '', null, '清空操作');
insert into sys_dict_data values(28, 1,  '成功',     '0',       'sys_common_status',   '',   'primary', 'N', '0', 'admin', sysdate(), '', null, '正常状态');
insert into sys_dict_data values(29, 2,  '失败',     '1',       'sys_common_status',   '',   'danger',  'N', '0', 'admin', sysdate(), '', null, '停用状态');

-- ----------------------------
-- 13、参数配置表
-- ----------------------------
DROP TABLE IF EXISTS sys_config;
CREATE TABLE sys_config (
                            config_id         int(5)          not null auto_increment    comment '参数主键',
                            config_name       varchar(100)    default ''                 comment '参数名称',
                            config_key        varchar(100)    default ''                 comment '参数键名',
                            config_value      varchar(500)    default ''                 comment '参数键值',
                            config_type       char(1)         default 'N'                comment '系统内置（Y是 N否）',
                            create_by         varchar(64)     default ''                 comment '创建者',
                            create_time       datetime                                   comment '创建时间',
                            update_by         varchar(64)     default ''                 comment '更新者',
                            update_time       datetime                                   comment '更新时间',
                            remark            varchar(500)    default null               comment '备注',
                            primary key (config_id)
) DEFAULT CHARSET =utf8mb4 auto_increment=100 comment = '参数配置表';

insert into sys_config values(1, '主框架页-默认皮肤样式名称',     'sys.index.skinName',            'skin-blue',     'Y', 'admin', sysdate(), '', null, '蓝色 skin-blue、绿色 skin-green、紫色 skin-purple、红色 skin-red、黄色 skin-yellow' );
insert into sys_config values(2, '用户管理-账号初始密码',         'sys.user.initPassword',         '123456',        'Y', 'admin', sysdate(), '', null, '初始化密码 123456' );
insert into sys_config values(3, '主框架页-侧边栏主题',           'sys.index.sideTheme',           'theme-dark',    'Y', 'admin', sysdate(), '', null, '深色主题theme-dark，浅色主题theme-light' );
insert into sys_config values(4, '账号自助-验证码开关',           'sys.account.captchaEnabled',    'true',          'Y', 'admin', sysdate(), '', null, '是否开启验证码功能（true开启，false关闭）');
insert into sys_config values(5, '账号自助-是否开启用户注册功能', 'sys.account.registerUser',      'true',         'Y', 'admin', sysdate(), '', null, '是否开启注册用户功能（true开启，false关闭）');


-- ----------------------------
-- 14、系统访问记录
-- ----------------------------
DROP TABLE IF EXISTS sys_logininfor;
CREATE TABLE sys_logininfor (
                                info_id        bigint(20)     not null auto_increment   comment '访问ID',
                                user_name      varchar(50)    default ''                comment '用户账号',
                                ipaddr         varchar(128)   default ''                comment '登录IP地址',
                                login_location varchar(255)   default ''                comment '登录地点',
                                browser        varchar(50)    default ''                comment '浏览器类型',
                                os             varchar(50)    default ''                comment '操作系统',
                                status         char(1)        default '0'               comment '登录状态（0成功 1失败）',
                                msg            varchar(255)   default ''                comment '提示消息',
                                login_time     datetime                                 comment '访问时间',
                                primary key (info_id)
) DEFAULT CHARSET =utf8mb4 auto_increment=100 comment = '系统访问记录';

-- ----------------------------
-- 15、定时任务调度表
-- ----------------------------
DROP TABLE IF EXISTS sys_job;
CREATE TABLE sys_job (
                         job_id              bigint(20)    not null auto_increment    comment '任务ID',
                         job_name            varchar(64)   default ''                 comment '任务名称',
                         job_group           varchar(64)   default 'DEFAULT'          comment '任务组名',
                         invoke_target       varchar(500)  not null                   comment '调用目标字符串',
                         cron_expression     varchar(255)  default ''                 comment 'cron执行表达式',
                         misfire_policy      varchar(20)   default '3'                comment '计划执行错误策略（1立即执行 2执行一次 3放弃执行）',
                         concurrent          char(1)       default '1'                comment '是否并发执行（0允许 1禁止）',
                         status              char(1)       default '0'                comment '状态（0正常 1暂停）',
                         create_by           varchar(64)   default ''                 comment '创建者',
                         create_time         datetime                                 comment '创建时间',
                         update_by           varchar(64)   default ''                 comment '更新者',
                         update_time         datetime                                 comment '更新时间',
                         remark              varchar(500)  default ''                 comment '备注信息',
                         primary key (job_id, job_name, job_group)
) DEFAULT CHARSET =utf8mb4 auto_increment=100 comment = '定时任务调度表';

insert into sys_job values(1, '系统默认（无参）', 'DEFAULT', 'ryTask.ryNoParams',        '0/10 * * * * ?', '3', '1', '1', 'admin', sysdate(), '', null, '');
insert into sys_job values(2, '系统默认（有参）', 'DEFAULT', 'ryTask.ryParams(\'ry\')',  '0/15 * * * * ?', '3', '1', '1', 'admin', sysdate(), '', null, '');
insert into sys_job values(3, '系统默认（多参）', 'DEFAULT', 'ryTask.ryMultipleParams(\'ry\', true, 2000L, 316.50D, 100)',  '0/20 * * * * ?', '3', '1', '1', 'admin', sysdate(), '', null, '');


-- ----------------------------
-- 16、定时任务调度日志表
-- ----------------------------
DROP TABLE IF EXISTS sys_job_log;
CREATE TABLE sys_job_log (
                             job_log_id          bigint(20)     not null auto_increment    comment '任务日志ID',
                             job_name            varchar(64)    not null                   comment '任务名称',
                             job_group           varchar(64)    not null                   comment '任务组名',
                             invoke_target       varchar(500)   not null                   comment '调用目标字符串',
                             job_message         varchar(500)                              comment '日志信息',
                             status              char(1)        default '0'                comment '执行状态（0正常 1失败）',
                             exception_info      varchar(2000)  default ''                 comment '异常信息',
                             create_time         datetime                                  comment '创建时间',
                             primary key (job_log_id)
) DEFAULT CHARSET =utf8mb4 comment = '定时任务调度日志表';


-- ----------------------------
-- 17、通知公告表
-- ----------------------------
DROP TABLE IF EXISTS sys_notice;
CREATE TABLE sys_notice (
                            notice_id         int(4)          not null auto_increment    comment '公告ID',
                            notice_title      varchar(50)     not null                   comment '公告标题',
                            notice_type       char(1)         not null                   comment '公告类型（1通知 2公告）',
                            notice_content    longblob        default null               comment '公告内容',
                            status            char(1)         default '0'                comment '公告状态（0正常 1关闭）',
                            create_by         varchar(64)     default ''                 comment '创建者',
                            create_time       datetime                                   comment '创建时间',
                            update_by         varchar(64)     default ''                 comment '更新者',
                            update_time       datetime                                   comment '更新时间',
                            remark            varchar(255)    default null               comment '备注',
                            primary key (notice_id)
) DEFAULT CHARSET =utf8mb4 auto_increment=10 comment = '通知公告表';

-- ----------------------------
-- 初始化-公告信息表数据
-- ----------------------------
insert into sys_notice values('1', '温馨提醒：2023-03-01 新版本发布啦', '2', '新版本内容', '0', 'admin', sysdate(), '', null, '管理员');
insert into sys_notice values('2', '维护通知：2023-03-04 系统凌晨维护', '1', '维护内容',   '0', 'admin', sysdate(), '', null, '管理员');



-- ----------------------------
-- 18、代码生成业务表
-- ----------------------------
DROP TABLE IF EXISTS gen_table;
CREATE TABLE gen_table (
                           table_id          bigint(20)      not null auto_increment    comment '编号',
                           table_name        varchar(200)    default ''                 comment '表名称',
                           table_comment     varchar(500)    default ''                 comment '表描述',
                           sub_table_name    varchar(64)     default null               comment '关联子表的表名',
                           sub_table_fk_name varchar(64)     default null               comment '子表关联的外键名',
                           class_name        varchar(100)    default ''                 comment '实体类名称',
                           tpl_category      varchar(200)    default 'crud'             comment '使用的模板（crud单表操作 tree树表操作）',
                           package_name      varchar(100)                               comment '生成包路径',
                           module_name       varchar(30)                                comment '生成模块名',
                           business_name     varchar(30)                                comment '生成业务名',
                           function_name     varchar(50)                                comment '生成功能名',
                           function_author   varchar(50)                                comment '生成功能作者',
                           gen_type          char(1)         default '0'                comment '生成代码方式（0zip压缩包 1自定义路径）',
                           gen_path          varchar(200)    default '/'                comment '生成路径（不填默认项目路径）',
                           options           varchar(1000)                              comment '其它生成选项',
                           create_by         varchar(64)     default ''                 comment '创建者',
                           create_time 	    datetime                                   comment '创建时间',
                           update_by         varchar(64)     default ''                 comment '更新者',
                           update_time       datetime                                   comment '更新时间',
                           remark            varchar(500)    default null               comment '备注',
                           primary key (table_id)
) DEFAULT CHARSET =utf8mb4 auto_increment=1 comment = '代码生成业务表';


-- ----------------------------
-- 19、代码生成业务表字段
-- ----------------------------
DROP TABLE IF EXISTS gen_table_column;
CREATE TABLE gen_table_column (
                                  column_id         bigint(20)      not null auto_increment    comment '编号',
                                  table_id          varchar(64)                                comment '归属表编号',
                                  column_name       varchar(200)                               comment '列名称',
                                  column_comment    varchar(500)                               comment '列描述',
                                  column_type       varchar(100)                               comment '列类型',
                                  java_type         varchar(500)                               comment 'JAVA类型',
                                  java_field        varchar(200)                               comment 'JAVA字段名',
                                  is_pk             char(1)                                    comment '是否主键（1是）',
                                  is_increment      char(1)                                    comment '是否自增（1是）',
                                  is_required       char(1)                                    comment '是否必填（1是）',
                                  is_insert         char(1)                                    comment '是否为插入字段（1是）',
                                  is_edit           char(1)                                    comment '是否编辑字段（1是）',
                                  is_list           char(1)                                    comment '是否列表字段（1是）',
                                  is_query          char(1)                                    comment '是否查询字段（1是）',
                                  query_type        varchar(200)    default 'EQ'               comment '查询方式（等于、不等于、大于、小于、范围）',
                                  html_type         varchar(200)                               comment '显示类型（文本框、文本域、下拉框、复选框、单选框、日期控件）',
                                  dict_type         varchar(200)    default ''                 comment '字典类型',
                                  sort              int                                        comment '排序',
                                  create_by         varchar(64)     default ''                 comment '创建者',
                                  create_time 	    datetime                                   comment '创建时间',
                                  update_by         varchar(64)     default ''                 comment '更新者',
                                  update_time       datetime                                   comment '更新时间',
                                  primary key (column_id)
) DEFAULT CHARSET =utf8mb4 auto_increment=1 comment = '代码生成业务表字段';

/*************************/

#---water_control




DROP TABLE IF EXISTS devices;
CREATE TABLE devices
(
    id                    bigint(20) unsigned NOT NULL AUTO_INCREMENT COMMENT 'id',
    dormitory             varchar(255)        DEFAULT NULL COMMENT '寝室',
    devEUI                varchar(50)         DEFAULT NULL COMMENT '设备号',
    status                tinyint(3) unsigned DEFAULT '0' COMMENT '状态(0==在线，1==使用中，-1==异常)',
    Valve_number          varchar(50)         DEFAULT NULL COMMENT '阀门编号',
    Signal_strength       varchar(50)         DEFAULT NULL COMMENT '信号强度',
    Signal_to_noise_ratio varchar(255)        DEFAULT NULL COMMENT '信噪比',
    gmt_create    timestamp NOT NULL DEFAULT CURRENT_TIMESTAMP COMMENT '数据创建时间',
    gmt_modified  datetime DEFAULT NULL ON UPDATE CURRENT_TIMESTAMP COMMENT '数据最后修改时间',
    PRIMARY KEY (id)
) DEFAULT CHARSET = utf8mb4 COMMENT ='设备管理';


DROP TABLE IF EXISTS record;
CREATE TABLE record
(
    id                bigint(20) unsigned NOT NULL AUTO_INCREMENT COMMENT 'id',
    Student_number    bigint(20)   DEFAULT NULL COMMENT '学号',
    name              varchar(255) DEFAULT NULL COMMENT '姓名',
    dormitory         varchar(50)  DEFAULT NULL COMMENT '寝室',
    device_number     varchar(50)  DEFAULT NULL COMMENT '设备编号',
    gmt_created       datetime     DEFAULT NULL COMMENT '开始时间',
    gmt_modified      datetime     DEFAULT NULL COMMENT '结束时间',
    Water_duration    varchar(255) DEFAULT NULL COMMENT '用水时长',
    Water_consumption varchar(255) DEFAULT NULL COMMENT '用水量',
    charge            varchar(255) DEFAULT NULL COMMENT '计费',
    primary key (id)
) DEFAULT CHARSET = utf8mb4 COMMENT ='消费记录';

DROP TABLE IF EXISTS recharge;
CREATE TABLE recharge
(
    id                      bigint(20) unsigned NOT NULL AUTO_INCREMENT COMMENT '数据id',
    Student_number          bigint(20)   DEFAULT NULL COMMENT '学号',
    name                    varchar(255) DEFAULT NULL COMMENT '姓名',
    Building_pillar_number  varchar(255) DEFAULT NULL COMMENT '楼栋号',
    dormitory               varchar(50)  DEFAULT NULL COMMENT '寝室',
    Top_up_amount           varchar(255) DEFAULT NULL COMMENT '充值金额',
    Recharge_time           datetime     DEFAULT NULL COMMENT '充值时间',
    Current_account_balance varchar(500) DEFAULT NULL COMMENT '当前账户余额(元)',
    gmt_create    timestamp NOT NULL DEFAULT CURRENT_TIMESTAMP COMMENT '数据创建时间',
    gmt_modified  datetime DEFAULT NULL ON UPDATE CURRENT_TIMESTAMP COMMENT '数据最后修改时间',
    primary key (id)
) DEFAULT CHARSET = utf8mb4 COMMENT ='充值记录';

DROP TABLE IF EXISTS withdraw;
CREATE TABLE withdraw
(
    id                     bigint(20) unsigned NOT NULL AUTO_INCREMENT COMMENT '数据id',
    Student_number         bigint(20)   DEFAULT NULL COMMENT '学号',
    Building_pillar_number varchar(255) DEFAULT NULL COMMENT '楼栋号',
    dormitory              varchar(50)  DEFAULT NULL COMMENT '寝室',
    refund                 varchar(255) DEFAULT NULL COMMENT '退款金额',
    refund_time            datetime     DEFAULT NULL COMMENT '退款时间',
    operator               datetime     DEFAULT NULL COMMENT '操作人',
    primary key (id)
) DEFAULT CHARSET = utf8mb4 COMMENT ='退款记录';

DROP TABLE IF EXISTS student;
CREATE TABLE student
(
    id                      bigint(20) unsigned NOT NULL AUTO_INCREMENT COMMENT '学号',
    name                    varchar(255) COMMENT '姓名',
    gender                  varchar(255) DEFAULT NULL COMMENT '性别',
    branch_courts           varchar(255) DEFAULT NULL COMMENT '分院',
    grade                   varchar(255) DEFAULT NULL COMMENT '班级',
    Current_account_balance varchar(500) DEFAULT NULL COMMENT '账户余额(元)',
    major                   varchar(255) DEFAULT NULL COMMENT '专业',
    money                   varchar(255) DEFAULT NULL COMMENT '金额',
    date                    datetime     DEFAULT NULL COMMENT '时间',
    gmt_create    timestamp NOT NULL DEFAULT CURRENT_TIMESTAMP COMMENT '数据创建时间',
    gmt_modified  datetime DEFAULT NULL ON UPDATE CURRENT_TIMESTAMP COMMENT '数据最后修改时间',
    PRIMARY KEY (id)
) DEFAULT CHARSET = utf8mb4 COMMENT ='学生管理';

DROP TABLE IF EXISTS waterRecord;
CREATE TABLE waterRecord
(
    id                                 bigint(20) unsigned NOT NULL AUTO_INCREMENT COMMENT '数据id',
    Student_number                     bigint(20)               DEFAULT NULL COMMENT '学号',
    name                               varchar(255)             DEFAULT NULL COMMENT '姓名',
    Equipment_location                 varchar(255)             DEFAULT NULL COMMENT '设备位置',
    placeholder                      varchar(255)             DEFAULT NULL COMMENT '设备号',
    Water_duration                     varchar(255)             DEFAULT NULL COMMENT '用水时长',
    Water_consumption                  bigint(255)             DEFAULT NULL COMMENT '用水量',
    charge                             varchar(255)             DEFAULT NULL COMMENT '计费',
    gmt_create                         datetime                 DEFAULT NULL COMMENT '开始时间',
    gmt_modified                       datetime                 DEFAULT NULL COMMENT '结束时间',
    PRIMARY KEY (id)
) DEFAULT CHARSET = utf8mb4 COMMENT ='设备用水记录';

DROP TABLE IF EXISTS send;
CREATE TABLE send
(
    id                                 bigint(20) unsigned NOT NULL AUTO_INCREMENT COMMENT '数据id',
    data                                varchar(50)                   DEFAULT NULL COMMENT '设备发送的请求（Base转码后）',
    devEUI                                varchar(50)                 DEFAULT NULL COMMENT '设备号',
    f_port                                  tinyint                   DEFAULT NULL COMMENT '应用层端口',
    gmt_create    timestamp NOT NULL DEFAULT CURRENT_TIMESTAMP COMMENT '数据创建时间',
    gmt_modified  datetime DEFAULT NULL ON UPDATE CURRENT_TIMESTAMP COMMENT '数据最后修改时间',
    PRIMARY KEY (id)
) DEFAULT CHARSET = utf8mb4 COMMENT ='发送操作设备的请求';

-- ------------------------------------------------------
-- ------------------------------------------------------
-- ------------------------------------------------------
-- ------------------------------------------------------
DROP TABLE IF EXISTS devices;
CREATE TABLE devices (
                         id bigint(20) unsigned NOT NULL PRIMARY KEY COMMENT '设备的唯一标识符',
                         name VARCHAR(255) NOT NULL COMMENT '设备的名称',
                         description VARCHAR(255) NOT NULL COMMENT '设备的描述',
                         deviceEUI VARCHAR(16) NOT NULL COMMENT '设备EUI',
                         applicationID VARCHAR(255) COMMENT '应用程序的唯一标识符',
                         created_at TIMESTAMP DEFAULT CURRENT_TIMESTAMP COMMENT '创建时间',
                         updated_at TIMESTAMP DEFAULT CURRENT_TIMESTAMP ON UPDATE CURRENT_TIMESTAMP COMMENT '最后修改时间'
) ENGINE=InnoDB DEFAULT CHARSET=utf8 COMMENT='存储设备的详细信息';



DROP TABLE IF EXISTS device_profiles;
CREATE TABLE device_profiles (
                                 id bigint(20) unsigned NOT NULL PRIMARY KEY COMMENT '设备概要文件的唯一标识符',
                                 name VARCHAR(255) COMMENT '设备概要文件的名称',
                                 organizationID VARCHAR(255) COMMENT '组织的唯一标识符',
                                 networkServerID VARCHAR(255) COMMENT '网络服务器的唯一标识符',
                                 payloadCodec VARCHAR(255) COMMENT 'payload 编解码类型',
                                 payloadDecoderScript TEXT COMMENT '解码负载消息所需的脚本',
                                 payloadEncoderScript TEXT COMMENT '编码负载消息所需的脚本',
                                 macVersion VARCHAR(255) COMMENT '设备的 LoRaWAN MAC 版本',
                                 supports32BitFCnt BOOLEAN COMMENT '设备是否支持 32 位帧计数器',
                                 supportsClassB BOOLEAN COMMENT '设备是否支持 Class B',
                                 supportsClassC BOOLEAN COMMENT '设备是否支持 Class C',
                                 supportsJoin BOOLEAN COMMENT '设备是否支持 OTAA',
                                 rxDelay1 INT COMMENT '设备收到接收窗口1的时间（秒）',
                                 rxDataRate2 INT COMMENT '设备在接收窗口2收到数据的数据速率',
                                 rxFreq2 BIGINT COMMENT '设备在接收窗口2中的接收频率',
                                 adrAlgorithmID VARCHAR(255) COMMENT 'ADR算法的唯一标识符',
                                 maxEIRP INT COMMENT '设备支持的最大发射功率',
                                 maxDutyCycle INT COMMENT '设备的最大占空比',
                                 pingSlotPeriod INT COMMENT '设备PING时隙的周期',
                                 pingSlotFreq BIGINT COMMENT '设备PING时隙的频率',
                                 pingSlotDR INT COMMENT '设备PING时隙的数据速率',
                                 createdAt TIMESTAMP DEFAULT CURRENT_TIMESTAMP COMMENT '设备概要文件的创建时间',
                                 updatedAt TIMESTAMP DEFAULT CURRENT_TIMESTAMP ON UPDATE CURRENT_TIMESTAMP COMMENT '设备概要文件的更新时间'
) ENGINE=InnoDB DEFAULT CHARSET=utf8mb4 COMMENT='存储设备概要文件的详细信息';

# DROP TABLE IF EXISTS device_queue_item;
# CREATE TABLE device_queue_item (
#                               id VARCHAR(255) NOT NULL PRIMARY KEY COMMENT '应用程序的唯一标识符',
#                               data TEXT COMMENT '数据',
#                               devEUI VARCHAR(255) COMMENT '设备EUI',
#                               fPort tinyint(35) COMMENT '应用层端口'
# ) ENGINE=InnoDB DEFAULT CHARSET=utf8 COMMENT='设备队列项';

DROP TABLE IF EXISTS devices;
CREATE TABLE devices (
                         id bigint(20) unsigned NOT NULL PRIMARY KEY COMMENT '应用程序的唯一标识符',
                         applicationID TEXT COMMENT '应用程序的唯一标识符',
                         description TEXT COMMENT '简介',
                         deviceProfileID TEXT COMMENT '设备概要文件的唯一标识符',
                         devEUI VARCHAR(255) COMMENT '设备EUI',
                         name tinyint(35) COMMENT '名字'
) ENGINE=InnoDB DEFAULT CHARSET=utf8 COMMENT='存储设备的详细信息';

DROP TABLE IF EXISTS FUOTADeployment;
CREATE TABLE FUOTADeployment (
                                 id bigint(20) unsigned NOT NULL PRIMARY KEY COMMENT '应用程序的唯一标识符',
                                 applicationID TEXT COMMENT '应用程序的唯一标识符',
                                 description TEXT COMMENT '简介',
                                 deviceProfileID TEXT COMMENT '设备概要文件的唯一标识符',
                                 devEUI VARCHAR(255) COMMENT '设备EUI',
                                 name tinyint(35) COMMENT '名字'
) ENGINE=InnoDB DEFAULT CHARSET=utf8 COMMENT='无线固件更新部署';

DROP TABLE IF EXISTS `gateway_profile`;
CREATE TABLE `gateway_profile` (
                                   `id` bigint(20) unsigned NOT NULL AUTO_INCREMENT COMMENT '网关概要配置ID',
                                   `name` VARCHAR(50) CHARACTER SET utf8mb4 COLLATE utf8mb4_unicode_ci NOT NULL COMMENT '网关概要配置名称',
                                   `network_server_id` INT(11) UNSIGNED NOT NULL COMMENT '关联网络服务器的ID',
                                   `stats_interval` INT(11) UNSIGNED NOT NULL COMMENT '统计数据的间隔时间（单位：秒）',
                                   `created_at` TIMESTAMP DEFAULT CURRENT_TIMESTAMP COMMENT '创建时间',
                                   `updated_at` TIMESTAMP DEFAULT CURRENT_TIMESTAMP ON UPDATE CURRENT_TIMESTAMP COMMENT '最后更新时间',
                                   `extra_channels` JSON COMMENT '附加通道（使用JSON格式）',
                                   PRIMARY KEY (`id`)
) ENGINE=InnoDB DEFAULT CHARSET=utf8mb4 COLLATE=utf8mb4_unicode_ci COMMENT='网关概要配置';

DROP TABLE IF EXISTS gateway;
CREATE TABLE gateway (
                         id bigint(20) unsigned NOT NULL COMMENT '网关ID',
                         name VARCHAR(50) CHARACTER SET utf8mb4 COLLATE utf8mb4_unicode_ci NOT NULL COMMENT '网关名称',
                         description VARCHAR(100) CHARACTER SET utf8mb4 COLLATE utf8mb4_unicode_ci COMMENT '网关描述',
                         organization_id VARCHAR(36) COMMENT '组织ID',
                         network_server_id VARCHAR(36) NOT NULL COMMENT '关联网络服务器的ID',
                         gateway_profile_id VARCHAR(36) NOT NULL COMMENT '关联网关概要配置的ID',
                         service_profile_id VARCHAR(36) COMMENT '关联服务配置的ID',
                         created_at TIMESTAMP DEFAULT CURRENT_TIMESTAMP COMMENT '创建时间',
                         updated_at TIMESTAMP DEFAULT CURRENT_TIMESTAMP ON UPDATE CURRENT_TIMESTAMP COMMENT '最后更新时间',
                         PRIMARY KEY (id)
) ENGINE=InnoDB DEFAULT CHARSET=utf8mb4 COLLATE=utf8mb4_unicode_ci COMMENT='网关信息';

DROP TABLE IF EXISTS api_key;
CREATE TABLE api_key (
                         id bigint(20) unsigned NOT NULL COMMENT 'API键ID',
                         name VARCHAR(50) CHARACTER SET utf8mb4 COLLATE utf8mb4_unicode_ci NOT NULL COMMENT 'API键名称',
                         is_admin BOOLEAN NOT NULL COMMENT '是否管理员',
                         application_id VARCHAR(36) NOT NULL COMMENT '应用ID',
                         organization_id VARCHAR(36) COMMENT '组织ID',
                         created_at TIMESTAMP DEFAULT CURRENT_TIMESTAMP COMMENT '创建时间',
                         updated_at TIMESTAMP DEFAULT CURRENT_TIMESTAMP ON UPDATE CURRENT_TIMESTAMP COMMENT '最后更新时间',
                         PRIMARY KEY (id)
) ENGINE=InnoDB DEFAULT CHARSET=utf8mb4 COLLATE=utf8mb4_unicode_ci COMMENT='用于存储API键信息的数据表';

DROP TABLE IF EXISTS multicast_group;
CREATE TABLE multicast_group(
                                id bigint(20) unsigned NOT NULL COMMENT '组播ID',
                                name VARCHAR(255) COMMENT '组播名称',
                                application_id VARCHAR(255) COMMENT '应用程序ID',
                                group_type ENUM('CLASS_A', 'CLASS_B', 'CLASS_C') NOT NULL DEFAULT 'CLASS_C' COMMENT '组播类型',
                                mc_addr VARCHAR(255) COMMENT '组播地址',
                                mc_app_skey VARCHAR(255) COMMENT '应用程序Session Key',
                                mc_nwk_skey VARCHAR(255) COMMENT '网络Session Key'
) COMMENT '组播信息表' CHARSET=utf8mb4;

DROP TABLE IF EXISTS network_server;
CREATE TABLE network_server (
                                id bigint(20) unsigned NOT NULL PRIMARY KEY COMMENT '网络服务器ID',
                                name VARCHAR(255) NOT NULL COMMENT '网络服务器名称',
                                server VARCHAR(255) NOT NULL COMMENT '服务器地址'
) COMMENT '网络服务器信息表' CHARSET=utf8mb4;

DROP TABLE IF EXISTS organization;
CREATE TABLE organization (
                              id bigint(20) unsigned NOT NULL PRIMARY KEY COMMENT '组织ID',
                              name VARCHAR(255) NOT NULL COMMENT '组织名称',
                              display_name VARCHAR(255) COMMENT '显示名称'
) COMMENT '组织信息表' CHARSET=utf8mb4;

DROP TABLE IF EXISTS service_profile;
CREATE TABLE service_profile (
                                 id bigint(20) unsigned NOT NULL PRIMARY KEY COMMENT '服务概要文件ID',
                                 name VARCHAR(255) NOT NULL COMMENT '服务概要文件名称',
                                 network_server_id VARCHAR(255) NOT NULL COMMENT '网络服务器ID',
                                 organization_id VARCHAR(255) NOT NULL COMMENT '组织ID'
) COMMENT '服务概要文件信息表' CHARSET=utf8mb4;




-- ----------------------------
-- 初始化-菜单信息表数据
-- ----------------------------
-- 一级菜单
insert into sys_menu values('1', '系统管理', '0', '1', 'system',           null, '', 1, 0, 'M', '0', '0', '', 'system',   'admin', sysdate(), '', null, '系统管理目录');
insert into sys_menu values('2', '系统监控', '0', '2', 'monitor',          null, '', 1, 0, 'M', '0', '0', '', 'monitor',  'admin', sysdate(), '', null, '系统监控目录');
insert into sys_menu values('3', '系统工具', '0', '3', 'tool',             null, '', 1, 0, 'M', '0', '0', '', 'tool',     'admin', sysdate(), '', null, '系统工具目录');


-- 二级菜单
insert into sys_menu values('100',  '用户管理', '1',   '1', 'user',       'system/user/index',        '', 1, 0, 'C', '0', '0', 'system:user:list',        'user',          'admin', sysdate(), '', null, '用户管理菜单');
insert into sys_menu values('101',  '角色管理', '1',   '2', 'role',       'system/role/index',        '', 1, 0, 'C', '0', '0', 'system:role:list',        'peoples',       'admin', sysdate(), '', null, '角色管理菜单');
insert into sys_menu values('102',  '菜单管理', '1',   '3', 'menu',       'system/menu/index',        '', 1, 0, 'C', '0', '0', 'system:menu:list',        'tree-table',    'admin', sysdate(), '', null, '菜单管理菜单');
insert into sys_menu values('103',  '部门管理', '1',   '4', 'dept',       'system/dept/index',        '', 1, 0, 'C', '0', '0', 'system:dept:list',        'tree',          'admin', sysdate(), '', null, '部门管理菜单');
insert into sys_menu values('104',  '岗位管理', '1',   '5', 'post',       'system/post/index',        '', 1, 0, 'C', '0', '0', 'system:post:list',        'post',          'admin', sysdate(), '', null, '岗位管理菜单');
insert into sys_menu values('105',  '字典管理', '1',   '6', 'dict',       'system/dict/index',        '', 1, 0, 'C', '0', '0', 'system:dict:list',        'dict',          'admin', sysdate(), '', null, '字典管理菜单');
insert into sys_menu values('106',  '参数设置', '1',   '7', 'config',     'system/config/index',      '', 1, 0, 'C', '0', '0', 'system:config:list',      'edit',          'admin', sysdate(), '', null, '参数设置菜单');
insert into sys_menu values('107',  '通知公告', '1',   '8', 'notice',     'system/notice/index',      '', 1, 0, 'C', '0', '0', 'system:notice:list',      'message',       'admin', sysdate(), '', null, '通知公告菜单');
insert into sys_menu values('108',  '日志管理', '1',   '9', 'log',        '',                         '', 1, 0, 'M', '0', '0', '',                        'log',           'admin', sysdate(), '', null, '日志管理菜单');
insert into sys_menu values('109',  '在线用户', '2',   '1', 'online',     'monitor/online/index',     '', 1, 0, 'C', '0', '0', 'monitor:online:list',     'online',        'admin', sysdate(), '', null, '在线用户菜单');
insert into sys_menu values('110',  '定时任务', '2',   '2', 'job',        'monitor/job/index',        '', 1, 0, 'C', '0', '0', 'monitor:job:list',        'job',           'admin', sysdate(), '', null, '定时任务菜单');
insert into sys_menu values('111',  '数据监控', '2',   '3', 'druid',      'monitor/druid/index',      '', 1, 0, 'C', '0', '0', 'monitor:druid:list',      'druid',         'admin', sysdate(), '', null, '数据监控菜单');
insert into sys_menu values('112',  '服务监控', '2',   '4', 'server',     'monitor/server/index',     '', 1, 0, 'C', '0', '0', 'monitor:server:list',     'server',        'admin', sysdate(), '', null, '服务监控菜单');
insert into sys_menu values('113',  '缓存监控', '2',   '5', 'cache',      'monitor/cache/index',      '', 1, 0, 'C', '0', '0', 'monitor:cache:list',      'redis',         'admin', sysdate(), '', null, '缓存监控菜单');
insert into sys_menu values('114',  '缓存列表', '2',   '6', 'cacheList',  'monitor/cache/list',       '', 1, 0, 'C', '0', '0', 'monitor:cache:list',      'redis-list',    'admin', sysdate(), '', null, '缓存列表菜单');
insert into sys_menu values('115',  '表单构建', '3',   '1', 'build',      'tool/build/index',         '', 1, 0, 'C', '0', '0', 'tool:build:list',         'build',         'admin', sysdate(), '', null, '表单构建菜单');
insert into sys_menu values('116',  '代码生成', '3',   '2', 'gen',        'tool/gen/index',           '', 1, 0, 'C', '0', '0', 'tool:gen:list',           'code',          'admin', sysdate(), '', null, '代码生成菜单');
insert into sys_menu values('117',  '系统接口', '3',   '3', 'swagger',    'tool/swagger/index',       '', 1, 0, 'C', '0', '0', 'tool:swagger:list',       'swagger',       'admin', sysdate(), '', null, '系统接口菜单');
-- 三级菜单
insert into sys_menu values('500',  '操作日志', '108', '1', 'operlog',    'monitor/operlog/index',    '', 1, 0, 'C', '0', '0', 'monitor:operlog:list',    'form',          'admin', sysdate(), '', null, '操作日志菜单');
insert into sys_menu values('501',  '登录日志', '108', '2', 'logininfor', 'monitor/logininfor/index', '', 1, 0, 'C', '0', '0', 'monitor:logininfor:list', 'logininfor',    'admin', sysdate(), '', null, '登录日志菜单');
-- 用户管理按钮
insert into sys_menu values('1000', '用户查询', '100', '1',  '', '', '', 1, 0, 'F', '0', '0', 'system:user:query',          '#', 'admin', sysdate(), '', null, '');
insert into sys_menu values('1001', '用户新增', '100', '2',  '', '', '', 1, 0, 'F', '0', '0', 'system:user:add',            '#', 'admin', sysdate(), '', null, '');
insert into sys_menu values('1002', '用户修改', '100', '3',  '', '', '', 1, 0, 'F', '0', '0', 'system:user:edit',           '#', 'admin', sysdate(), '', null, '');
insert into sys_menu values('1003', '用户删除', '100', '4',  '', '', '', 1, 0, 'F', '0', '0', 'system:user:remove',         '#', 'admin', sysdate(), '', null, '');
insert into sys_menu values('1004', '用户导出', '100', '5',  '', '', '', 1, 0, 'F', '0', '0', 'system:user:export',         '#', 'admin', sysdate(), '', null, '');
insert into sys_menu values('1005', '用户导入', '100', '6',  '', '', '', 1, 0, 'F', '0', '0', 'system:user:import',         '#', 'admin', sysdate(), '', null, '');
insert into sys_menu values('1006', '重置密码', '100', '7',  '', '', '', 1, 0, 'F', '0', '0', 'system:user:resetPwd',       '#', 'admin', sysdate(), '', null, '');
-- 角色管理按钮
insert into sys_menu values('1007', '角色查询', '101', '1',  '', '', '', 1, 0, 'F', '0', '0', 'system:role:query',          '#', 'admin', sysdate(), '', null, '');
insert into sys_menu values('1008', '角色新增', '101', '2',  '', '', '', 1, 0, 'F', '0', '0', 'system:role:add',            '#', 'admin', sysdate(), '', null, '');
insert into sys_menu values('1009', '角色修改', '101', '3',  '', '', '', 1, 0, 'F', '0', '0', 'system:role:edit',           '#', 'admin', sysdate(), '', null, '');
insert into sys_menu values('1010', '角色删除', '101', '4',  '', '', '', 1, 0, 'F', '0', '0', 'system:role:remove',         '#', 'admin', sysdate(), '', null, '');
insert into sys_menu values('1011', '角色导出', '101', '5',  '', '', '', 1, 0, 'F', '0', '0', 'system:role:export',         '#', 'admin', sysdate(), '', null, '');
-- 菜单管理按钮
insert into sys_menu values('1012', '菜单查询', '102', '1',  '', '', '', 1, 0, 'F', '0', '0', 'system:menu:query',          '#', 'admin', sysdate(), '', null, '');
insert into sys_menu values('1013', '菜单新增', '102', '2',  '', '', '', 1, 0, 'F', '0', '0', 'system:menu:add',            '#', 'admin', sysdate(), '', null, '');
insert into sys_menu values('1014', '菜单修改', '102', '3',  '', '', '', 1, 0, 'F', '0', '0', 'system:menu:edit',           '#', 'admin', sysdate(), '', null, '');
insert into sys_menu values('1015', '菜单删除', '102', '4',  '', '', '', 1, 0, 'F', '0', '0', 'system:menu:remove',         '#', 'admin', sysdate(), '', null, '');
-- 部门管理按钮
insert into sys_menu values('1016', '部门查询', '103', '1',  '', '', '', 1, 0, 'F', '0', '0', 'system:dept:query',          '#', 'admin', sysdate(), '', null, '');
insert into sys_menu values('1017', '部门新增', '103', '2',  '', '', '', 1, 0, 'F', '0', '0', 'system:dept:add',            '#', 'admin', sysdate(), '', null, '');
insert into sys_menu values('1018', '部门修改', '103', '3',  '', '', '', 1, 0, 'F', '0', '0', 'system:dept:edit',           '#', 'admin', sysdate(), '', null, '');
insert into sys_menu values('1019', '部门删除', '103', '4',  '', '', '', 1, 0, 'F', '0', '0', 'system:dept:remove',         '#', 'admin', sysdate(), '', null, '');
-- 岗位管理按钮
insert into sys_menu values('1020', '岗位查询', '104', '1',  '', '', '', 1, 0, 'F', '0', '0', 'system:post:query',          '#', 'admin', sysdate(), '', null, '');
insert into sys_menu values('1021', '岗位新增', '104', '2',  '', '', '', 1, 0, 'F', '0', '0', 'system:post:add',            '#', 'admin', sysdate(), '', null, '');
insert into sys_menu values('1022', '岗位修改', '104', '3',  '', '', '', 1, 0, 'F', '0', '0', 'system:post:edit',           '#', 'admin', sysdate(), '', null, '');
insert into sys_menu values('1023', '岗位删除', '104', '4',  '', '', '', 1, 0, 'F', '0', '0', 'system:post:remove',         '#', 'admin', sysdate(), '', null, '');
insert into sys_menu values('1024', '岗位导出', '104', '5',  '', '', '', 1, 0, 'F', '0', '0', 'system:post:export',         '#', 'admin', sysdate(), '', null, '');
-- 字典管理按钮
insert into sys_menu values('1025', '字典查询', '105', '1', '#', '', '', 1, 0, 'F', '0', '0', 'system:dict:query',          '#', 'admin', sysdate(), '', null, '');
insert into sys_menu values('1026', '字典新增', '105', '2', '#', '', '', 1, 0, 'F', '0', '0', 'system:dict:add',            '#', 'admin', sysdate(), '', null, '');
insert into sys_menu values('1027', '字典修改', '105', '3', '#', '', '', 1, 0, 'F', '0', '0', 'system:dict:edit',           '#', 'admin', sysdate(), '', null, '');
insert into sys_menu values('1028', '字典删除', '105', '4', '#', '', '', 1, 0, 'F', '0', '0', 'system:dict:remove',         '#', 'admin', sysdate(), '', null, '');
insert into sys_menu values('1029', '字典导出', '105', '5', '#', '', '', 1, 0, 'F', '0', '0', 'system:dict:export',         '#', 'admin', sysdate(), '', null, '');
-- 参数设置按钮
insert into sys_menu values('1030', '参数查询', '106', '1', '#', '', '', 1, 0, 'F', '0', '0', 'system:config:query',        '#', 'admin', sysdate(), '', null, '');
insert into sys_menu values('1031', '参数新增', '106', '2', '#', '', '', 1, 0, 'F', '0', '0', 'system:config:add',          '#', 'admin', sysdate(), '', null, '');
insert into sys_menu values('1032', '参数修改', '106', '3', '#', '', '', 1, 0, 'F', '0', '0', 'system:config:edit',         '#', 'admin', sysdate(), '', null, '');
insert into sys_menu values('1033', '参数删除', '106', '4', '#', '', '', 1, 0, 'F', '0', '0', 'system:config:remove',       '#', 'admin', sysdate(), '', null, '');
insert into sys_menu values('1034', '参数导出', '106', '5', '#', '', '', 1, 0, 'F', '0', '0', 'system:config:export',       '#', 'admin', sysdate(), '', null, '');
-- 通知公告按钮
insert into sys_menu values('1035', '公告查询', '107', '1', '#', '', '', 1, 0, 'F', '0', '0', 'system:notice:query',        '#', 'admin', sysdate(), '', null, '');
insert into sys_menu values('1036', '公告新增', '107', '2', '#', '', '', 1, 0, 'F', '0', '0', 'system:notice:add',          '#', 'admin', sysdate(), '', null, '');
insert into sys_menu values('1037', '公告修改', '107', '3', '#', '', '', 1, 0, 'F', '0', '0', 'system:notice:edit',         '#', 'admin', sysdate(), '', null, '');
insert into sys_menu values('1038', '公告删除', '107', '4', '#', '', '', 1, 0, 'F', '0', '0', 'system:notice:remove',       '#', 'admin', sysdate(), '', null, '');
-- 操作日志按钮
insert into sys_menu values('1039', '操作查询', '500', '1', '#', '', '', 1, 0, 'F', '0', '0', 'monitor:operlog:query',      '#', 'admin', sysdate(), '', null, '');
insert into sys_menu values('1040', '操作删除', '500', '2', '#', '', '', 1, 0, 'F', '0', '0', 'monitor:operlog:remove',     '#', 'admin', sysdate(), '', null, '');
insert into sys_menu values('1041', '日志导出', '500', '3', '#', '', '', 1, 0, 'F', '0', '0', 'monitor:operlog:export',     '#', 'admin', sysdate(), '', null, '');
-- 登录日志按钮
insert into sys_menu values('1042', '登录查询', '501', '1', '#', '', '', 1, 0, 'F', '0', '0', 'monitor:logininfor:query',   '#', 'admin', sysdate(), '', null, '');
insert into sys_menu values('1043', '登录删除', '501', '2', '#', '', '', 1, 0, 'F', '0', '0', 'monitor:logininfor:remove',  '#', 'admin', sysdate(), '', null, '');
insert into sys_menu values('1044', '日志导出', '501', '3', '#', '', '', 1, 0, 'F', '0', '0', 'monitor:logininfor:export',  '#', 'admin', sysdate(), '', null, '');
insert into sys_menu values('1045', '账户解锁', '501', '4', '#', '', '', 1, 0, 'F', '0', '0', 'monitor:logininfor:unlock',  '#', 'admin', sysdate(), '', null, '');
-- 在线用户按钮
insert into sys_menu values('1046', '在线查询', '109', '1', '#', '', '', 1, 0, 'F', '0', '0', 'monitor:online:query',       '#', 'admin', sysdate(), '', null, '');
insert into sys_menu values('1047', '批量强退', '109', '2', '#', '', '', 1, 0, 'F', '0', '0', 'monitor:online:batchLogout', '#', 'admin', sysdate(), '', null, '');
insert into sys_menu values('1048', '单条强退', '109', '3', '#', '', '', 1, 0, 'F', '0', '0', 'monitor:online:forceLogout', '#', 'admin', sysdate(), '', null, '');
-- 定时任务按钮
insert into sys_menu values('1049', '任务查询', '110', '1', '#', '', '', 1, 0, 'F', '0', '0', 'monitor:job:query',          '#', 'admin', sysdate(), '', null, '');
insert into sys_menu values('1050', '任务新增', '110', '2', '#', '', '', 1, 0, 'F', '0', '0', 'monitor:job:add',            '#', 'admin', sysdate(), '', null, '');
insert into sys_menu values('1051', '任务修改', '110', '3', '#', '', '', 1, 0, 'F', '0', '0', 'monitor:job:edit',           '#', 'admin', sysdate(), '', null, '');
insert into sys_menu values('1052', '任务删除', '110', '4', '#', '', '', 1, 0, 'F', '0', '0', 'monitor:job:remove',         '#', 'admin', sysdate(), '', null, '');
insert into sys_menu values('1053', '状态修改', '110', '5', '#', '', '', 1, 0, 'F', '0', '0', 'monitor:job:changeStatus',   '#', 'admin', sysdate(), '', null, '');
insert into sys_menu values('1054', '任务导出', '110', '6', '#', '', '', 1, 0, 'F', '0', '0', 'monitor:job:export',         '#', 'admin', sysdate(), '', null, '');
-- 代码生成按钮
insert into sys_menu values('1055', '生成查询', '116', '1', '#', '', '', 1, 0, 'F', '0', '0', 'tool:gen:query',             '#', 'admin', sysdate(), '', null, '');
insert into sys_menu values('1056', '生成修改', '116', '2', '#', '', '', 1, 0, 'F', '0', '0', 'tool:gen:edit',              '#', 'admin', sysdate(), '', null, '');
insert into sys_menu values('1057', '生成删除', '116', '3', '#', '', '', 1, 0, 'F', '0', '0', 'tool:gen:remove',            '#', 'admin', sysdate(), '', null, '');
insert into sys_menu values('1058', '导入代码', '116', '4', '#', '', '', 1, 0, 'F', '0', '0', 'tool:gen:import',            '#', 'admin', sysdate(), '', null, '');
insert into sys_menu values('1059', '预览代码', '116', '5', '#', '', '', 1, 0, 'F', '0', '0', 'tool:gen:preview',           '#', 'admin', sysdate(), '', null, '');
insert into sys_menu values('1060', '生成代码', '116', '6', '#', '', '', 1, 0, 'F', '0', '0', 'tool:gen:code',              '#', 'admin', sysdate(), '', null, '');










# ------------------------------------------


-- 菜单 SQL
insert into sys_menu (menu_name, parent_id, order_num, path, component, is_frame, is_cache, menu_type, visible, status, perms, icon, create_by, create_time, update_by, update_time, remark)
values('设备管理', '3', '1', 'devices', 'system/devices/index', 1, 0, 'C', '0', '0', 'system:devices:list', '#', 'admin', sysdate(), '', null, '设备管理菜单');

insert into sys_menu (menu_name, parent_id, order_num, path, component, is_frame, is_cache, menu_type, visible, status, perms, icon, create_by, create_time, update_by, update_time, remark)
values('存储设备概要文件的详细信息', '3', '1', 'profiles', 'system/profiles/index', 1, 0, 'C', '0', '0', 'system:profiles:list', '#', 'admin', sysdate(), '', null, '存储设备概要文件的详细信息菜单');

insert into sys_menu (menu_name, parent_id, order_num, path, component, is_frame, is_cache, menu_type, visible, status, perms, icon, create_by, create_time, update_by, update_time, remark)
values('消费记录', '3', '1', 'record', 'system/record/index', 1, 0, 'C', '0', '0', 'system:record:list', '#', 'admin', sysdate(), '', null, '消费记录菜单');

insert into sys_menu (menu_name, parent_id, order_num, path, component, is_frame, is_cache, menu_type, visible, status, perms, icon, create_by, create_time, update_by, update_time, remark)
values('学生管理', '3', '1', 'student', 'system/student/index', 1, 0, 'C', '0', '0', 'system:student:list', '#', 'admin', sysdate(), '', null, '学生管理菜单');

insert into sys_menu (menu_name, parent_id, order_num, path, component, is_frame, is_cache, menu_type, visible, status, perms, icon, create_by, create_time, update_by, update_time, remark)
values('退款记录', '3', '1', 'withdraw', 'system/withdraw/index', 1, 0, 'C', '0', '0', 'system:withdraw:list', '#', 'admin', sysdate(), '', null, '退款记录菜单');

insert into sys_menu (menu_name, parent_id, order_num, path, component, is_frame, is_cache, menu_type, visible, status, perms, icon, create_by, create_time, update_by, update_time, remark)
values('网关概要配置', '3', '1', 'profile', 'system/profile/index', 1, 0, 'C', '0', '0', 'system:profile:list', '#', 'admin', sysdate(), '', null, '网关概要配置菜单');

insert into sys_menu (menu_name, parent_id, order_num, path, component, is_frame, is_cache, menu_type, visible, status, perms, icon, create_by, create_time, update_by, update_time, remark)
values('用于存储API键信息的数据', '3', '1', 'key', 'system/key/index', 1, 0, 'C', '0', '0', 'system:key:list', '#', 'admin', sysdate(), '', null, '用于存储API键信息的数据菜单');

insert into sys_menu (menu_name, parent_id, order_num, path, component, is_frame, is_cache, menu_type, visible, status, perms, icon, create_by, create_time, update_by, update_time, remark)
values('网关信息', '3', '1', 'gateway', 'system/gateway/index', 1, 0, 'C', '0', '0', 'system:gateway:list', '#', 'admin', sysdate(), '', null, '网关信息菜单');

insert into sys_menu (menu_name, parent_id, order_num, path, component, is_frame, is_cache, menu_type, visible, status, perms, icon, create_by, create_time, update_by, update_time, remark)
values('无线固件更新部署', '3', '1', 'fuotadeployment', 'system/fuotadeployment/index', 1, 0, 'C', '0', '0', 'system:fuotadeployment:list', '#', 'admin', sysdate(), '', null, '无线固件更新部署菜单');


insert into sys_menu (menu_name, parent_id, order_num, path, component, is_frame, is_cache, menu_type, visible, status, perms, icon, create_by, create_time, update_by, update_time, remark)
values('发送操作设备的请求', '3', '1', 'send', 'system/send/index', 1, 0, 'C', '0', '0', 'system:send:list', '#', 'admin', sysdate(), '', null, '发送操作设备的请求菜单');

insert into sys_menu (menu_name, parent_id, order_num, path, component, is_frame, is_cache, menu_type, visible, status, perms, icon, create_by, create_time, update_by, update_time, remark)
values('网络服务器信息', '3', '1', 'server', 'system/server/index', 1, 0, 'C', '0', '0', 'system:server:list', '#', 'admin', sysdate(), '', null, '网络服务器信息菜单');

insert into sys_menu (menu_name, parent_id, order_num, path, component, is_frame, is_cache, menu_type, visible, status, perms, icon, create_by, create_time, update_by, update_time, remark)
values('设备用水记录', '3', '1', 'waterrecord', 'system/waterrecord/index', 1, 0, 'C', '0', '0', 'system:waterrecord:list', '#', 'admin', sysdate(), '', null, '设备用水记录菜单');

insert into sys_menu (menu_name, parent_id, order_num, path, component, is_frame, is_cache, menu_type, visible, status, perms, icon, create_by, create_time, update_by, update_time, remark)
values('服务概要文件信息', '3', '1', 'profile', 'system/profile/index', 1, 0, 'C', '0', '0', 'system:profile:list', '#', 'admin', sysdate(), '', null, '服务概要文件信息菜单');

insert into sys_menu (menu_name, parent_id, order_num, path, component, is_frame, is_cache, menu_type, visible, status, perms, icon, create_by, create_time, update_by, update_time, remark)
values('组织信息', '3', '1', 'organization', 'system/organization/index', 1, 0, 'C', '0', '0', 'system:organization:list', '#', 'admin', sysdate(), '', null, '组织信息菜单');

insert into sys_menu (menu_name, parent_id, order_num, path, component, is_frame, is_cache, menu_type, visible, status, perms, icon, create_by, create_time, update_by, update_time, remark)
values('组播信息', '3', '1', 'group', 'system/group/index', 1, 0, 'C', '0', '0', 'system:group:list', '#', 'admin', sysdate(), '', null, '组播信息菜单');

insert into sys_menu (menu_name, parent_id, order_num, path, component, is_frame, is_cache, menu_type, visible, status, perms, icon, create_by, create_time, update_by, update_time, remark)
values('充值记录', '3', '1', 'recharge', 'system/recharge/index', 1, 0, 'C', '0', '0', 'system:recharge:list', '#', 'admin', sysdate(), '', null, '充值记录菜单');

insert into sys_menu (menu_name, parent_id, order_num, path, component, is_frame, is_cache, menu_type, visible, status, perms, icon, create_by, create_time, update_by, update_time, remark)
values('充值记录', '3', '1', 'recharge', 'system/recharge/index', 1, 0, 'C', '0', '0', 'system:recharge:list', '#', 'admin', sysdate(), '', null, '充值记录菜单');

insert into sys_menu (menu_name, parent_id, order_num, path, component, is_frame, is_cache, menu_type, visible, status, perms, icon, create_by, create_time, update_by, update_time, remark)
values('消费记录', '3', '1', 'record', 'system/record/index', 1, 0, 'C', '0', '0', 'system:record:list', '#', 'admin', sysdate(), '', null, '消费记录菜单');








-- 按钮 SQL
insert into sys_menu (menu_name, parent_id, order_num, path, component, is_frame, is_cache, menu_type, visible, status, perms, icon, create_by, create_time, update_by, update_time, remark)
values('设备管理查询', @parentId, '1',  '#', '', 1, 0, 'F', '0', '0', 'system:devices:query',        '#', 'admin', sysdate(), '', null, '');

insert into sys_menu (menu_name, parent_id, order_num, path, component, is_frame, is_cache, menu_type, visible, status, perms, icon, create_by, create_time, update_by, update_time, remark)
values('设备管理新增', @parentId, '2',  '#', '', 1, 0, 'F', '0', '0', 'system:devices:add',          '#', 'admin', sysdate(), '', null, '');

insert into sys_menu (menu_name, parent_id, order_num, path, component, is_frame, is_cache, menu_type, visible, status, perms, icon, create_by, create_time, update_by, update_time, remark)
values('设备管理修改', @parentId, '3',  '#', '', 1, 0, 'F', '0', '0', 'system:devices:edit',         '#', 'admin', sysdate(), '', null, '');

insert into sys_menu (menu_name, parent_id, order_num, path, component, is_frame, is_cache, menu_type, visible, status, perms, icon, create_by, create_time, update_by, update_time, remark)
values('设备管理删除', @parentId, '4',  '#', '', 1, 0, 'F', '0', '0', 'system:devices:remove',       '#', 'admin', sysdate(), '', null, '');

insert into sys_menu (menu_name, parent_id, order_num, path, component, is_frame, is_cache, menu_type, visible, status, perms, icon, create_by, create_time, update_by, update_time, remark)
values('设备管理导出', @parentId, '5',  '#', '', 1, 0, 'F', '0', '0', 'system:devices:export',       '#', 'admin', sysdate(), '', null, '');


insert into sys_menu (menu_name, parent_id, order_num, path, component, is_frame, is_cache, menu_type, visible, status, perms, icon, create_by, create_time, update_by, update_time, remark)
values('存储设备概要文件的详细信息查询', @parentId, '1',  '#', '', 1, 0, 'F', '0', '0', 'system:profiles:query',        '#', 'admin', sysdate(), '', null, '');

insert into sys_menu (menu_name, parent_id, order_num, path, component, is_frame, is_cache, menu_type, visible, status, perms, icon, create_by, create_time, update_by, update_time, remark)
values('存储设备概要文件的详细信息新增', @parentId, '2',  '#', '', 1, 0, 'F', '0', '0', 'system:profiles:add',          '#', 'admin', sysdate(), '', null, '');

insert into sys_menu (menu_name, parent_id, order_num, path, component, is_frame, is_cache, menu_type, visible, status, perms, icon, create_by, create_time, update_by, update_time, remark)
values('存储设备概要文件的详细信息修改', @parentId, '3',  '#', '', 1, 0, 'F', '0', '0', 'system:profiles:edit',         '#', 'admin', sysdate(), '', null, '');

insert into sys_menu (menu_name, parent_id, order_num, path, component, is_frame, is_cache, menu_type, visible, status, perms, icon, create_by, create_time, update_by, update_time, remark)
values('存储设备概要文件的详细信息删除', @parentId, '4',  '#', '', 1, 0, 'F', '0', '0', 'system:profiles:remove',       '#', 'admin', sysdate(), '', null, '');

insert into sys_menu (menu_name, parent_id, order_num, path, component, is_frame, is_cache, menu_type, visible, status, perms, icon, create_by, create_time, update_by, update_time, remark)
values('存储设备概要文件的详细信息导出', @parentId, '5',  '#', '', 1, 0, 'F', '0', '0', 'system:profiles:export',       '#', 'admin', sysdate(), '', null, '');

insert into sys_menu (menu_name, parent_id, order_num, path, component, is_frame, is_cache, menu_type, visible, status, perms, icon, create_by, create_time, update_by, update_time, remark)
values('消费记录查询', @parentId, '1',  '#', '', 1, 0, 'F', '0', '0', 'system:record:query',        '#', 'admin', sysdate(), '', null, '');

insert into sys_menu (menu_name, parent_id, order_num, path, component, is_frame, is_cache, menu_type, visible, status, perms, icon, create_by, create_time, update_by, update_time, remark)
values('消费记录新增', @parentId, '2',  '#', '', 1, 0, 'F', '0', '0', 'system:record:add',          '#', 'admin', sysdate(), '', null, '');

insert into sys_menu (menu_name, parent_id, order_num, path, component, is_frame, is_cache, menu_type, visible, status, perms, icon, create_by, create_time, update_by, update_time, remark)
values('消费记录修改', @parentId, '3',  '#', '', 1, 0, 'F', '0', '0', 'system:record:edit',         '#', 'admin', sysdate(), '', null, '');

insert into sys_menu (menu_name, parent_id, order_num, path, component, is_frame, is_cache, menu_type, visible, status, perms, icon, create_by, create_time, update_by, update_time, remark)
values('消费记录删除', @parentId, '4',  '#', '', 1, 0, 'F', '0', '0', 'system:record:remove',       '#', 'admin', sysdate(), '', null, '');

insert into sys_menu (menu_name, parent_id, order_num, path, component, is_frame, is_cache, menu_type, visible, status, perms, icon, create_by, create_time, update_by, update_time, remark)
values('消费记录导出', @parentId, '5',  '#', '', 1, 0, 'F', '0', '0', 'system:record:export',       '#', 'admin', sysdate(), '', null, '');

insert into sys_menu (menu_name, parent_id, order_num, path, component, is_frame, is_cache, menu_type, visible, status, perms, icon, create_by, create_time, update_by, update_time, remark)
values('学生管理查询', @parentId, '1',  '#', '', 1, 0, 'F', '0', '0', 'system:student:query',        '#', 'admin', sysdate(), '', null, '');

insert into sys_menu (menu_name, parent_id, order_num, path, component, is_frame, is_cache, menu_type, visible, status, perms, icon, create_by, create_time, update_by, update_time, remark)
values('学生管理新增', @parentId, '2',  '#', '', 1, 0, 'F', '0', '0', 'system:student:add',          '#', 'admin', sysdate(), '', null, '');

insert into sys_menu (menu_name, parent_id, order_num, path, component, is_frame, is_cache, menu_type, visible, status, perms, icon, create_by, create_time, update_by, update_time, remark)
values('学生管理修改', @parentId, '3',  '#', '', 1, 0, 'F', '0', '0', 'system:student:edit',         '#', 'admin', sysdate(), '', null, '');

insert into sys_menu (menu_name, parent_id, order_num, path, component, is_frame, is_cache, menu_type, visible, status, perms, icon, create_by, create_time, update_by, update_time, remark)
values('学生管理删除', @parentId, '4',  '#', '', 1, 0, 'F', '0', '0', 'system:student:remove',       '#', 'admin', sysdate(), '', null, '');

insert into sys_menu (menu_name, parent_id, order_num, path, component, is_frame, is_cache, menu_type, visible, status, perms, icon, create_by, create_time, update_by, update_time, remark)
values('学生管理导出', @parentId, '5',  '#', '', 1, 0, 'F', '0', '0', 'system:student:export',       '#', 'admin', sysdate(), '', null, '');

insert into sys_menu (menu_name, parent_id, order_num, path, component, is_frame, is_cache, menu_type, visible, status, perms, icon, create_by, create_time, update_by, update_time, remark)
values('退款记录查询', @parentId, '1',  '#', '', 1, 0, 'F', '0', '0', 'system:withdraw:query',        '#', 'admin', sysdate(), '', null, '');

insert into sys_menu (menu_name, parent_id, order_num, path, component, is_frame, is_cache, menu_type, visible, status, perms, icon, create_by, create_time, update_by, update_time, remark)
values('退款记录新增', @parentId, '2',  '#', '', 1, 0, 'F', '0', '0', 'system:withdraw:add',          '#', 'admin', sysdate(), '', null, '');

insert into sys_menu (menu_name, parent_id, order_num, path, component, is_frame, is_cache, menu_type, visible, status, perms, icon, create_by, create_time, update_by, update_time, remark)
values('退款记录修改', @parentId, '3',  '#', '', 1, 0, 'F', '0', '0', 'system:withdraw:edit',         '#', 'admin', sysdate(), '', null, '');

insert into sys_menu (menu_name, parent_id, order_num, path, component, is_frame, is_cache, menu_type, visible, status, perms, icon, create_by, create_time, update_by, update_time, remark)
values('退款记录删除', @parentId, '4',  '#', '', 1, 0, 'F', '0', '0', 'system:withdraw:remove',       '#', 'admin', sysdate(), '', null, '');

insert into sys_menu (menu_name, parent_id, order_num, path, component, is_frame, is_cache, menu_type, visible, status, perms, icon, create_by, create_time, update_by, update_time, remark)
values('退款记录导出', @parentId, '5',  '#', '', 1, 0, 'F', '0', '0', 'system:withdraw:export',       '#', 'admin', sysdate(), '', null, '');

insert into sys_menu (menu_name, parent_id, order_num, path, component, is_frame, is_cache, menu_type, visible, status, perms, icon, create_by, create_time, update_by, update_time, remark)
values('网关概要配置查询', @parentId, '1',  '#', '', 1, 0, 'F', '0', '0', 'system:profile:query',        '#', 'admin', sysdate(), '', null, '');

insert into sys_menu (menu_name, parent_id, order_num, path, component, is_frame, is_cache, menu_type, visible, status, perms, icon, create_by, create_time, update_by, update_time, remark)
values('网关概要配置新增', @parentId, '2',  '#', '', 1, 0, 'F', '0', '0', 'system:profile:add',          '#', 'admin', sysdate(), '', null, '');

insert into sys_menu (menu_name, parent_id, order_num, path, component, is_frame, is_cache, menu_type, visible, status, perms, icon, create_by, create_time, update_by, update_time, remark)
values('网关概要配置修改', @parentId, '3',  '#', '', 1, 0, 'F', '0', '0', 'system:profile:edit',         '#', 'admin', sysdate(), '', null, '');

insert into sys_menu (menu_name, parent_id, order_num, path, component, is_frame, is_cache, menu_type, visible, status, perms, icon, create_by, create_time, update_by, update_time, remark)
values('网关概要配置删除', @parentId, '4',  '#', '', 1, 0, 'F', '0', '0', 'system:profile:remove',       '#', 'admin', sysdate(), '', null, '');

insert into sys_menu (menu_name, parent_id, order_num, path, component, is_frame, is_cache, menu_type, visible, status, perms, icon, create_by, create_time, update_by, update_time, remark)
values('网关概要配置导出', @parentId, '5',  '#', '', 1, 0, 'F', '0', '0', 'system:profile:export',       '#', 'admin', sysdate(), '', null, '');

insert into sys_menu (menu_name, parent_id, order_num, path, component, is_frame, is_cache, menu_type, visible, status, perms, icon, create_by, create_time, update_by, update_time, remark)
values('用于存储API键信息的数据查询', @parentId, '1',  '#', '', 1, 0, 'F', '0', '0', 'system:key:query',        '#', 'admin', sysdate(), '', null, '');

insert into sys_menu (menu_name, parent_id, order_num, path, component, is_frame, is_cache, menu_type, visible, status, perms, icon, create_by, create_time, update_by, update_time, remark)
values('用于存储API键信息的数据新增', @parentId, '2',  '#', '', 1, 0, 'F', '0', '0', 'system:key:add',          '#', 'admin', sysdate(), '', null, '');

insert into sys_menu (menu_name, parent_id, order_num, path, component, is_frame, is_cache, menu_type, visible, status, perms, icon, create_by, create_time, update_by, update_time, remark)
values('用于存储API键信息的数据修改', @parentId, '3',  '#', '', 1, 0, 'F', '0', '0', 'system:key:edit',         '#', 'admin', sysdate(), '', null, '');

insert into sys_menu (menu_name, parent_id, order_num, path, component, is_frame, is_cache, menu_type, visible, status, perms, icon, create_by, create_time, update_by, update_time, remark)
values('用于存储API键信息的数据删除', @parentId, '4',  '#', '', 1, 0, 'F', '0', '0', 'system:key:remove',       '#', 'admin', sysdate(), '', null, '');

insert into sys_menu (menu_name, parent_id, order_num, path, component, is_frame, is_cache, menu_type, visible, status, perms, icon, create_by, create_time, update_by, update_time, remark)
values('用于存储API键信息的数据导出', @parentId, '5',  '#', '', 1, 0, 'F', '0', '0', 'system:key:export',       '#', 'admin', sysdate(), '', null, '');

insert into sys_menu (menu_name, parent_id, order_num, path, component, is_frame, is_cache, menu_type, visible, status, perms, icon, create_by, create_time, update_by, update_time, remark)
values('网关信息查询', @parentId, '1',  '#', '', 1, 0, 'F', '0', '0', 'system:gateway:query',        '#', 'admin', sysdate(), '', null, '');

insert into sys_menu (menu_name, parent_id, order_num, path, component, is_frame, is_cache, menu_type, visible, status, perms, icon, create_by, create_time, update_by, update_time, remark)
values('网关信息新增', @parentId, '2',  '#', '', 1, 0, 'F', '0', '0', 'system:gateway:add',          '#', 'admin', sysdate(), '', null, '');

insert into sys_menu (menu_name, parent_id, order_num, path, component, is_frame, is_cache, menu_type, visible, status, perms, icon, create_by, create_time, update_by, update_time, remark)
values('网关信息修改', @parentId, '3',  '#', '', 1, 0, 'F', '0', '0', 'system:gateway:edit',         '#', 'admin', sysdate(), '', null, '');

insert into sys_menu (menu_name, parent_id, order_num, path, component, is_frame, is_cache, menu_type, visible, status, perms, icon, create_by, create_time, update_by, update_time, remark)
values('网关信息删除', @parentId, '4',  '#', '', 1, 0, 'F', '0', '0', 'system:gateway:remove',       '#', 'admin', sysdate(), '', null, '');

insert into sys_menu (menu_name, parent_id, order_num, path, component, is_frame, is_cache, menu_type, visible, status, perms, icon, create_by, create_time, update_by, update_time, remark)
values('网关信息导出', @parentId, '5',  '#', '', 1, 0, 'F', '0', '0', 'system:gateway:export',       '#', 'admin', sysdate(), '', null, '');

insert into sys_menu (menu_name, parent_id, order_num, path, component, is_frame, is_cache, menu_type, visible, status, perms, icon, create_by, create_time, update_by, update_time, remark)
values('无线固件更新部署查询', @parentId, '1',  '#', '', 1, 0, 'F', '0', '0', 'system:fuotadeployment:query',        '#', 'admin', sysdate(), '', null, '');

insert into sys_menu (menu_name, parent_id, order_num, path, component, is_frame, is_cache, menu_type, visible, status, perms, icon, create_by, create_time, update_by, update_time, remark)
values('无线固件更新部署新增', @parentId, '2',  '#', '', 1, 0, 'F', '0', '0', 'system:fuotadeployment:add',          '#', 'admin', sysdate(), '', null, '');

insert into sys_menu (menu_name, parent_id, order_num, path, component, is_frame, is_cache, menu_type, visible, status, perms, icon, create_by, create_time, update_by, update_time, remark)
values('无线固件更新部署修改', @parentId, '3',  '#', '', 1, 0, 'F', '0', '0', 'system:fuotadeployment:edit',         '#', 'admin', sysdate(), '', null, '');

insert into sys_menu (menu_name, parent_id, order_num, path, component, is_frame, is_cache, menu_type, visible, status, perms, icon, create_by, create_time, update_by, update_time, remark)
values('无线固件更新部署删除', @parentId, '4',  '#', '', 1, 0, 'F', '0', '0', 'system:fuotadeployment:remove',       '#', 'admin', sysdate(), '', null, '');

insert into sys_menu (menu_name, parent_id, order_num, path, component, is_frame, is_cache, menu_type, visible, status, perms, icon, create_by, create_time, update_by, update_time, remark)
values('无线固件更新部署导出', @parentId, '5',  '#', '', 1, 0, 'F', '0', '0', 'system:fuotadeployment:export',       '#', 'admin', sysdate(), '', null, '');

insert into sys_menu (menu_name, parent_id, order_num, path, component, is_frame, is_cache, menu_type, visible, status, perms, icon, create_by, create_time, update_by, update_time, remark)
values('网络服务器信息查询', @parentId, '1',  '#', '', 1, 0, 'F', '0', '0', 'system:server:query',        '#', 'admin', sysdate(), '', null, '');

insert into sys_menu (menu_name, parent_id, order_num, path, component, is_frame, is_cache, menu_type, visible, status, perms, icon, create_by, create_time, update_by, update_time, remark)
values('网络服务器信息新增', @parentId, '2',  '#', '', 1, 0, 'F', '0', '0', 'system:server:add',          '#', 'admin', sysdate(), '', null, '');

insert into sys_menu (menu_name, parent_id, order_num, path, component, is_frame, is_cache, menu_type, visible, status, perms, icon, create_by, create_time, update_by, update_time, remark)
values('网络服务器信息修改', @parentId, '3',  '#', '', 1, 0, 'F', '0', '0', 'system:server:edit',         '#', 'admin', sysdate(), '', null, '');

insert into sys_menu (menu_name, parent_id, order_num, path, component, is_frame, is_cache, menu_type, visible, status, perms, icon, create_by, create_time, update_by, update_time, remark)
values('网络服务器信息删除', @parentId, '4',  '#', '', 1, 0, 'F', '0', '0', 'system:server:remove',       '#', 'admin', sysdate(), '', null, '');

insert into sys_menu (menu_name, parent_id, order_num, path, component, is_frame, is_cache, menu_type, visible, status, perms, icon, create_by, create_time, update_by, update_time, remark)
values('网络服务器信息导出', @parentId, '5',  '#', '', 1, 0, 'F', '0', '0', 'system:server:export',       '#', 'admin', sysdate(), '', null, '');

insert into sys_menu (menu_name, parent_id, order_num, path, component, is_frame, is_cache, menu_type, visible, status, perms, icon, create_by, create_time, update_by, update_time, remark)
values('发送操作设备的请求查询', @parentId, '1',  '#', '', 1, 0, 'F', '0', '0', 'system:send:query',        '#', 'admin', sysdate(), '', null, '');

insert into sys_menu (menu_name, parent_id, order_num, path, component, is_frame, is_cache, menu_type, visible, status, perms, icon, create_by, create_time, update_by, update_time, remark)
values('发送操作设备的请求新增', @parentId, '2',  '#', '', 1, 0, 'F', '0', '0', 'system:send:add',          '#', 'admin', sysdate(), '', null, '');

insert into sys_menu (menu_name, parent_id, order_num, path, component, is_frame, is_cache, menu_type, visible, status, perms, icon, create_by, create_time, update_by, update_time, remark)
values('发送操作设备的请求修改', @parentId, '3',  '#', '', 1, 0, 'F', '0', '0', 'system:send:edit',         '#', 'admin', sysdate(), '', null, '');

insert into sys_menu (menu_name, parent_id, order_num, path, component, is_frame, is_cache, menu_type, visible, status, perms, icon, create_by, create_time, update_by, update_time, remark)
values('发送操作设备的请求删除', @parentId, '4',  '#', '', 1, 0, 'F', '0', '0', 'system:send:remove',       '#', 'admin', sysdate(), '', null, '');

insert into sys_menu (menu_name, parent_id, order_num, path, component, is_frame, is_cache, menu_type, visible, status, perms, icon, create_by, create_time, update_by, update_time, remark)
values('发送操作设备的请求导出', @parentId, '5',  '#', '', 1, 0, 'F', '0', '0', 'system:send:export',       '#', 'admin', sysdate(), '', null, '');

insert into sys_menu (menu_name, parent_id, order_num, path, component, is_frame, is_cache, menu_type, visible, status, perms, icon, create_by, create_time, update_by, update_time, remark)
values('设备用水记录查询', @parentId, '1',  '#', '', 1, 0, 'F', '0', '0', 'system:waterrecord:query',        '#', 'admin', sysdate(), '', null, '');

insert into sys_menu (menu_name, parent_id, order_num, path, component, is_frame, is_cache, menu_type, visible, status, perms, icon, create_by, create_time, update_by, update_time, remark)
values('设备用水记录新增', @parentId, '2',  '#', '', 1, 0, 'F', '0', '0', 'system:waterrecord:add',          '#', 'admin', sysdate(), '', null, '');

insert into sys_menu (menu_name, parent_id, order_num, path, component, is_frame, is_cache, menu_type, visible, status, perms, icon, create_by, create_time, update_by, update_time, remark)
values('设备用水记录修改', @parentId, '3',  '#', '', 1, 0, 'F', '0', '0', 'system:waterrecord:edit',         '#', 'admin', sysdate(), '', null, '');

insert into sys_menu (menu_name, parent_id, order_num, path, component, is_frame, is_cache, menu_type, visible, status, perms, icon, create_by, create_time, update_by, update_time, remark)
values('设备用水记录删除', @parentId, '4',  '#', '', 1, 0, 'F', '0', '0', 'system:waterrecord:remove',       '#', 'admin', sysdate(), '', null, '');

insert into sys_menu (menu_name, parent_id, order_num, path, component, is_frame, is_cache, menu_type, visible, status, perms, icon, create_by, create_time, update_by, update_time, remark)
values('设备用水记录导出', @parentId, '5',  '#', '', 1, 0, 'F', '0', '0', 'system:waterrecord:export',       '#', 'admin', sysdate(), '', null, '');



insert into sys_menu (menu_name, parent_id, order_num, path, component, is_frame, is_cache, menu_type, visible, status, perms, icon, create_by, create_time, update_by, update_time, remark)
values('服务概要文件信息查询', @parentId, '1',  '#', '', 1, 0, 'F', '0', '0', 'system:profile:query',        '#', 'admin', sysdate(), '', null, '');

insert into sys_menu (menu_name, parent_id, order_num, path, component, is_frame, is_cache, menu_type, visible, status, perms, icon, create_by, create_time, update_by, update_time, remark)
values('服务概要文件信息新增', @parentId, '2',  '#', '', 1, 0, 'F', '0', '0', 'system:profile:add',          '#', 'admin', sysdate(), '', null, '');

insert into sys_menu (menu_name, parent_id, order_num, path, component, is_frame, is_cache, menu_type, visible, status, perms, icon, create_by, create_time, update_by, update_time, remark)
values('服务概要文件信息修改', @parentId, '3',  '#', '', 1, 0, 'F', '0', '0', 'system:profile:edit',         '#', 'admin', sysdate(), '', null, '');

insert into sys_menu (menu_name, parent_id, order_num, path, component, is_frame, is_cache, menu_type, visible, status, perms, icon, create_by, create_time, update_by, update_time, remark)
values('服务概要文件信息删除', @parentId, '4',  '#', '', 1, 0, 'F', '0', '0', 'system:profile:remove',       '#', 'admin', sysdate(), '', null, '');

insert into sys_menu (menu_name, parent_id, order_num, path, component, is_frame, is_cache, menu_type, visible, status, perms, icon, create_by, create_time, update_by, update_time, remark)
values('服务概要文件信息导出', @parentId, '5',  '#', '', 1, 0, 'F', '0', '0', 'system:profile:export',       '#', 'admin', sysdate(), '', null, '');

insert into sys_menu (menu_name, parent_id, order_num, path, component, is_frame, is_cache, menu_type, visible, status, perms, icon, create_by, create_time, update_by, update_time, remark)
values('组织信息查询', @parentId, '1',  '#', '', 1, 0, 'F', '0', '0', 'system:organization:query',        '#', 'admin', sysdate(), '', null, '');

insert into sys_menu (menu_name, parent_id, order_num, path, component, is_frame, is_cache, menu_type, visible, status, perms, icon, create_by, create_time, update_by, update_time, remark)
values('组织信息新增', @parentId, '2',  '#', '', 1, 0, 'F', '0', '0', 'system:organization:add',          '#', 'admin', sysdate(), '', null, '');

insert into sys_menu (menu_name, parent_id, order_num, path, component, is_frame, is_cache, menu_type, visible, status, perms, icon, create_by, create_time, update_by, update_time, remark)
values('组织信息修改', @parentId, '3',  '#', '', 1, 0, 'F', '0', '0', 'system:organization:edit',         '#', 'admin', sysdate(), '', null, '');

insert into sys_menu (menu_name, parent_id, order_num, path, component, is_frame, is_cache, menu_type, visible, status, perms, icon, create_by, create_time, update_by, update_time, remark)
values('组织信息删除', @parentId, '4',  '#', '', 1, 0, 'F', '0', '0', 'system:organization:remove',       '#', 'admin', sysdate(), '', null, '');

insert into sys_menu (menu_name, parent_id, order_num, path, component, is_frame, is_cache, menu_type, visible, status, perms, icon, create_by, create_time, update_by, update_time, remark)
values('组织信息导出', @parentId, '5',  '#', '', 1, 0, 'F', '0', '0', 'system:organization:export',       '#', 'admin', sysdate(), '', null, '');

insert into sys_menu (menu_name, parent_id, order_num, path, component, is_frame, is_cache, menu_type, visible, status, perms, icon, create_by, create_time, update_by, update_time, remark)
values('组播信息查询', @parentId, '1',  '#', '', 1, 0, 'F', '0', '0', 'system:group:query',        '#', 'admin', sysdate(), '', null, '');

insert into sys_menu (menu_name, parent_id, order_num, path, component, is_frame, is_cache, menu_type, visible, status, perms, icon, create_by, create_time, update_by, update_time, remark)
values('组播信息新增', @parentId, '2',  '#', '', 1, 0, 'F', '0', '0', 'system:group:add',          '#', 'admin', sysdate(), '', null, '');

insert into sys_menu (menu_name, parent_id, order_num, path, component, is_frame, is_cache, menu_type, visible, status, perms, icon, create_by, create_time, update_by, update_time, remark)
values('组播信息修改', @parentId, '3',  '#', '', 1, 0, 'F', '0', '0', 'system:group:edit',         '#', 'admin', sysdate(), '', null, '');

insert into sys_menu (menu_name, parent_id, order_num, path, component, is_frame, is_cache, menu_type, visible, status, perms, icon, create_by, create_time, update_by, update_time, remark)
values('组播信息删除', @parentId, '4',  '#', '', 1, 0, 'F', '0', '0', 'system:group:remove',       '#', 'admin', sysdate(), '', null, '');

insert into sys_menu (menu_name, parent_id, order_num, path, component, is_frame, is_cache, menu_type, visible, status, perms, icon, create_by, create_time, update_by, update_time, remark)
values('组播信息导出', @parentId, '5',  '#', '', 1, 0, 'F', '0', '0', 'system:group:export',       '#', 'admin', sysdate(), '', null, '');

insert into sys_menu (menu_name, parent_id, order_num, path, component, is_frame, is_cache, menu_type, visible, status, perms, icon, create_by, create_time, update_by, update_time, remark)
values('消费记录查询', @parentId, '1',  '#', '', 1, 0, 'F', '0', '0', 'system:record:query',        '#', 'admin', sysdate(), '', null, '');

insert into sys_menu (menu_name, parent_id, order_num, path, component, is_frame, is_cache, menu_type, visible, status, perms, icon, create_by, create_time, update_by, update_time, remark)
values('消费记录新增', @parentId, '2',  '#', '', 1, 0, 'F', '0', '0', 'system:record:add',          '#', 'admin', sysdate(), '', null, '');

insert into sys_menu (menu_name, parent_id, order_num, path, component, is_frame, is_cache, menu_type, visible, status, perms, icon, create_by, create_time, update_by, update_time, remark)
values('消费记录修改', @parentId, '3',  '#', '', 1, 0, 'F', '0', '0', 'system:record:edit',         '#', 'admin', sysdate(), '', null, '');

insert into sys_menu (menu_name, parent_id, order_num, path, component, is_frame, is_cache, menu_type, visible, status, perms, icon, create_by, create_time, update_by, update_time, remark)
values('消费记录删除', @parentId, '4',  '#', '', 1, 0, 'F', '0', '0', 'system:record:remove',       '#', 'admin', sysdate(), '', null, '');

insert into sys_menu (menu_name, parent_id, order_num, path, component, is_frame, is_cache, menu_type, visible, status, perms, icon, create_by, create_time, update_by, update_time, remark)
values('消费记录导出', @parentId, '5',  '#', '', 1, 0, 'F', '0', '0', 'system:record:export',       '#', 'admin', sysdate(), '', null, '');

insert into sys_menu (menu_name, parent_id, order_num, path, component, is_frame, is_cache, menu_type, visible, status, perms, icon, create_by, create_time, update_by, update_time, remark)
values('充值记录查询', @parentId, '1',  '#', '', 1, 0, 'F', '0', '0', 'system:recharge:query',        '#', 'admin', sysdate(), '', null, '');

insert into sys_menu (menu_name, parent_id, order_num, path, component, is_frame, is_cache, menu_type, visible, status, perms, icon, create_by, create_time, update_by, update_time, remark)
values('充值记录新增', @parentId, '2',  '#', '', 1, 0, 'F', '0', '0', 'system:recharge:add',          '#', 'admin', sysdate(), '', null, '');

insert into sys_menu (menu_name, parent_id, order_num, path, component, is_frame, is_cache, menu_type, visible, status, perms, icon, create_by, create_time, update_by, update_time, remark)
values('充值记录修改', @parentId, '3',  '#', '', 1, 0, 'F', '0', '0', 'system:recharge:edit',         '#', 'admin', sysdate(), '', null, '');

insert into sys_menu (menu_name, parent_id, order_num, path, component, is_frame, is_cache, menu_type, visible, status, perms, icon, create_by, create_time, update_by, update_time, remark)
values('充值记录删除', @parentId, '4',  '#', '', 1, 0, 'F', '0', '0', 'system:recharge:remove',       '#', 'admin', sysdate(), '', null, '');

insert into sys_menu (menu_name, parent_id, order_num, path, component, is_frame, is_cache, menu_type, visible, status, perms, icon, create_by, create_time, update_by, update_time, remark)
values('充值记录导出', @parentId, '5',  '#', '', 1, 0, 'F', '0', '0', 'system:recharge:export',       '#', 'admin', sysdate(), '', null, '');

insert into sys_menu (menu_name, parent_id, order_num, path, component, is_frame, is_cache, menu_type, visible, status, perms, icon, create_by, create_time, update_by, update_time, remark)
values('充值记录查询', @parentId, '1',  '#', '', 1, 0, 'F', '0', '0', 'system:recharge:query',        '#', 'admin', sysdate(), '', null, '');

insert into sys_menu (menu_name, parent_id, order_num, path, component, is_frame, is_cache, menu_type, visible, status, perms, icon, create_by, create_time, update_by, update_time, remark)
values('充值记录新增', @parentId, '2',  '#', '', 1, 0, 'F', '0', '0', 'system:recharge:add',          '#', 'admin', sysdate(), '', null, '');

insert into sys_menu (menu_name, parent_id, order_num, path, component, is_frame, is_cache, menu_type, visible, status, perms, icon, create_by, create_time, update_by, update_time, remark)
values('充值记录修改', @parentId, '3',  '#', '', 1, 0, 'F', '0', '0', 'system:recharge:edit',         '#', 'admin', sysdate(), '', null, '');

insert into sys_menu (menu_name, parent_id, order_num, path, component, is_frame, is_cache, menu_type, visible, status, perms, icon, create_by, create_time, update_by, update_time, remark)
values('充值记录删除', @parentId, '4',  '#', '', 1, 0, 'F', '0', '0', 'system:recharge:remove',       '#', 'admin', sysdate(), '', null, '');

insert into sys_menu (menu_name, parent_id, order_num, path, component, is_frame, is_cache, menu_type, visible, status, perms, icon, create_by, create_time, update_by, update_time, remark)
values('充值记录导出', @parentId, '5',  '#', '', 1, 0, 'F', '0', '0', 'system:recharge:export',       '#', 'admin', sysdate(), '', null, '');

-- 按钮父菜单ID
SELECT @parentId := LAST_INSERT_ID();





